avg_len_man,crashes,n_RtI,n_emergency,n_exp,pr_rock,prop_manual,prop_rejected_RtI,puddle_warnings,rock_warnings,skids,state_warnings,utility
8.533333333333333,1,28,0,0,0.1,0.12864321608040202,0.5087719298245614,57,38,1,175,0.268140703517588
5.349593495934959,26,286,46,0,0.2,0.6603015075376885,0.13595166163141995,50,981,7,152,-2.2838190954773867
7.1313131313131315,41,237,24,0,0.3,0.7085427135678392,0.17993079584775087,44,995,3,80,-3.792060301507538
7.442105263157894,43,231,8,0,0.4,0.7095477386934673,0.19791666666666666,58,995,8,55,-4.061507537688443
8.679487179487179,56,138,3,0,0.5,0.6793969849246231,0.5660377358490566,28,995,4,28,-5.343718592964824
9.520833333333334,32,62,0,0,0.6,0.45829145728643217,0.8847583643122676,66,995,4,1,-2.963115577889447
6.0,2,27,5,1,0.1,0.08341708542713568,0.47058823529411764,39,43,0,201,0.17195979899497493
6.566037735849057,26,237,28,1,0.2,0.6984924623115578,0.20735785953177258,89,995,12,114,-2.3467336683417086
7.25,50,232,11,1,0.3,0.7276381909547739,0.14074074074074075,42,994,4,67,-4.6941708542713565
6.95,43,236,14,1,0.4,0.6964824120603015,0.2159468438538206,58,995,4,61,-4.016482412060302
8.5625,57,182,6,1,0.5,0.6884422110552764,0.4110032362459547,44,995,4,27,-5.438994974874372
9.415094339622641,32,63,0,1,0.6,0.5005025125628141,0.8729838709677419,49,995,1,8,-2.928743718592964
9.0,1,34,0,2,0.1,0.1899497487437186,0.4925373134328358,88,18,1,148,0.26582914572864325
6.04424778761062,34,260,30,2,0.2,0.685427135678392,0.16666666666666666,70,995,8,123,-3.1088442211055267
7.257731958762887,38,234,22,2,0.3,0.7065326633165829,0.1958762886597938,77,995,5,86,-3.5008040201005026
7.9021739130434785,43,222,10,2,0.4,0.7296482412060301,0.17164179104477612,15,995,5,57,-4.0201005025125625
7.845238095238095,44,164,3,2,0.5,0.6613065326633166,0.5119047619047619,39,995,3,34,-4.124924623115578
8.807692307692308,26,61,0,2,0.6,0.4592964824120603,0.8864059590316573,42,995,0,6,-2.321105527638191
7.947368421052632,5,30,0,3,0.1,0.15175879396984926,0.4339622641509434,61,19,4,193,-0.16110552763819072
5.223140495867769,26,275,45,3,0.2,0.6321608040201006,0.15902140672782875,61,929,7,168,-2.286231155778894
7.206185567010309,47,229,14,3,0.3,0.7015075376884422,0.22635135135135134,57,995,5,64,-4.40894472361809
7.836956521739131,42,224,6,3,0.4,0.7226130653266332,0.18545454545454546,52,995,7,35,-3.9566834170854266
8.254237288135593,41,83,0,3,0.5,0.4884422110552764,0.8366141732283464,55,995,4,13,-3.849346733668342
9.407407407407407,39,75,0,3,0.6,0.5095477386934674,0.8459958932238193,18,995,2,3,-3.640603015075377
5.105263157894737,0,33,3,4,0.1,0.0964824120603015,0.5074626865671642,64,44,4,221,0.3351758793969849
5.592920353982301,27,300,55,4,0.2,0.6321608040201006,0.16201117318435754,52,984,3,155,-2.362613065326633
7.0495049504950495,44,230,18,4,0.3,0.7155778894472362,0.18439716312056736,8,995,7,94,-4.131055276381909
7.782608695652174,43,226,17,4,0.4,0.7185929648241206,0.18996415770609318,52,995,2,57,-3.9932663316582913
8.112359550561798,48,196,10,4,0.5,0.7246231155778895,0.28205128205128205,26,995,1,48,-4.504824120603015
9.24,39,61,0,4,0.6,0.46331658291457284,0.8855534709193246,33,995,0,9,-3.630050251256281
5.2,2,10,0,5,0.1,0.02613065326633166,0.2857142857142857,15,38,0,183,0.16793969849246246
5.224,33,284,39,5,0.2,0.6552763819095477,0.1695906432748538,67,987,4,167,-2.9613065326633166
6.373831775700935,34,264,29,5,0.3,0.6844221105527638,0.15654952076677317,44,995,4,105,-3.0879396984924625
7.945054945054945,53,223,11,5,0.4,0.7256281407035176,0.1801470588235294,19,995,8,49,-5.071055276381911
9.202898550724637,39,121,1,5,0.5,0.6381909547738693,0.6629526462395543,77,995,6,22,-3.6623115577889447
9.26923076923077,29,62,0,5,0.6,0.4834170854271357,0.8791423001949318,30,995,2,7,-2.6334673366834167
5.5,7,83,16,6,0.1,0.2100502512562814,0.15306122448979592,30,202,3,205,-0.3548743718592963
6.226415094339623,27,252,36,6,0.2,0.6633165829145728,0.14864864864864866,50,940,3,143,-2.356281407035176
6.901960784313726,34,235,13,6,0.3,0.7065326633165829,0.19243986254295534,83,995,8,82,-3.1273366834170857
7.6947368421052635,51,217,13,6,0.4,0.7336683417085427,0.17803030303030304,33,995,4,63,-4.82251256281407
8.297619047619047,53,184,3,6,0.5,0.6984924623115578,0.38461538461538464,99,995,4,33,-5.0357788944723625
8.76086956521739,25,52,0,6,0.6,0.4050251256281407,0.9120135363790186,37,995,0,2,-2.2208040201005024
6.133333333333334,1,20,0,7,0.1,0.09246231155778895,0.5454545454545454,50,16,4,208,0.2343718592964825
6.349056603773585,39,239,29,7,0.2,0.6753768844221105,0.15547703180212014,22,953,11,141,-3.630854271356784
6.653846153846154,33,252,23,7,0.3,0.6944723618090453,0.16831683168316833,57,995,4,82,-2.9815075376884415
8.266666666666667,49,207,9,7,0.4,0.7477386934673367,0.172,66,995,5,47,-4.637788944723618
8.395061728395062,52,142,3,7,0.5,0.6824120603015076,0.5492063492063493,66,995,1,31,-4.907839195979899
8.8,39,83,0,7,0.6,0.5296482412060302,0.8222698072805139,51,995,3,5,-3.6482412060301512
6.5,2,30,3,8,0.1,0.11758793969849246,0.45454545454545453,60,19,1,199,0.16422110552763827
5.552631578947368,30,291,64,8,0.2,0.6351758793969849,0.19613259668508287,48,995,4,171,-2.66964824120603
7.154639175257732,41,247,19,8,0.3,0.6944723618090453,0.1848184818481848,55,995,5,73,-3.811758793969849
7.595744680851064,53,221,14,8,0.4,0.7175879396984924,0.21071428571428572,41,995,5,57,-5.028542713567838
8.563636363636364,44,76,0,8,0.5,0.4723618090452261,0.8549618320610687,50,995,3,14,-4.136884422110553
9.553191489361701,34,62,0,8,0.6,0.45025125628140705,0.8864468864468864,45,995,4,4,-3.1566834170854268
7.9411764705882355,4,24,0,9,0.1,0.135678391959799,0.6307692307692307,79,13,5,154,-0.07467336683417074
5.918918918918919,29,267,36,9,0.2,0.6603015075376885,0.20771513353115728,53,995,4,126,-2.5720603015075376
7.202020202020202,47,238,18,9,0.3,0.7155778894472362,0.15602836879432624,46,995,3,72,-4.390452261306533
7.76595744680851,50,220,7,9,0.4,0.7316582914572864,0.17293233082706766,17,995,3,43,-4.711356783919598
8.854545454545455,34,63,0,9,0.5,0.4884422110552764,0.8759842519685039,56,995,4,17,-3.147035175879396
9.222222222222221,26,56,0,9,0.6,0.41608040201005025,0.903448275862069,26,995,1,11,-2.3322613065326636
5.25,2,35,6,10,0.1,0.10552763819095477,0.39655172413793105,54,45,2,173,0.1513567839195981
6.317757009345795,29,266,39,10,0.2,0.6773869346733669,0.16875,14,995,5,130,-2.5767839195979896
6.844660194174757,55,228,19,10,0.3,0.7075376884422111,0.21379310344827587,64,995,8,85,-5.235678391959799
7.16,50,212,5,10,0.4,0.7175879396984924,0.24285714285714285,63,995,3,64,-4.710251256281408
9.318181818181818,40,117,0,10,0.5,0.6160804020100502,0.6929133858267716,61,995,6,14,-3.763718592964824
9.34,29,60,0,10,0.6,0.46834170854271356,0.8863636363636364,21,995,0,9,-2.615075376884422
6.9411764705882355,4,30,1,11,0.1,0.1185929648241206,0.34782608695652173,58,31,2,183,-0.04864321608040189
5.229508196721311,33,300,60,11,0.2,0.6402010050251257,0.15966386554621848,59,968,8,172,-3.0041206030150747
6.783018867924528,41,228,19,11,0.3,0.7206030150753768,0.17391304347826086,19,987,7,107,-3.820402010050251
7.836956521739131,53,225,10,11,0.4,0.7236180904522613,0.17883211678832117,44,995,8,53,-5.068341708542714
8.777777777777779,32,74,0,11,0.5,0.47537688442211057,0.8579654510556622,54,995,3,9,-2.9339698492462314
8.72549019607843,27,65,0,11,0.6,0.4462311557788945,0.8818181818181818,29,995,1,6,-2.431557788944723
5.6,2,8,1,12,0.1,0.02814070351758794,0.68,24,22,1,234,0.1620100502512564
6.559523809523809,19,189,16,12,0.2,0.5527638190954773,0.20253164556962025,74,643,8,103,-1.5994974874371857
6.547169811320755,36,246,20,12,0.3,0.6964824120603015,0.18272425249169436,33,995,5,86,-3.2997989949748745
7.903225806451613,45,213,4,12,0.4,0.7376884422110552,0.18076923076923077,9,995,7,49,-4.238090452261306
8.452054794520548,43,128,2,12,0.5,0.6190954773869347,0.6613756613756614,96,995,3,23,-4.031959798994975
8.982142857142858,32,73,0,12,0.6,0.5045226130653266,0.8516260162601627,63,995,4,10,-2.9567839195979895
7.142857142857143,1,11,0,13,0.1,0.05025125628140704,0.35294117647058826,16,34,1,142,0.2566834170854272
6.405405405405405,42,241,28,13,0.2,0.7115577889447237,0.15734265734265734,63,995,3,109,-3.8629145728643217
6.2792792792792795,46,245,13,13,0.3,0.699497487437186,0.17785234899328858,28,995,6,98,-4.319396984924623
7.827956989247312,51,223,7,13,0.4,0.7316582914572864,0.16165413533834586,55,995,6,40,-4.841708542713568
7.533333333333333,49,192,9,13,0.5,0.6804020100502512,0.3943217665615142,35,995,2,37,-4.616381909547739
9.784313725490197,36,58,0,13,0.6,0.5015075376884423,0.8828282828282829,25,995,2,5,-3.3438190954773868
6.4375,2,26,1,14,0.1,0.1035175879396985,0.5873015873015873,64,19,3,185,0.14190954773869358
5.317073170731708,27,293,45,14,0.2,0.6552763819095477,0.14327485380116958,78,995,4,130,-2.369045226130653
6.815533980582524,34,240,20,14,0.3,0.7035175879396985,0.1836734693877551,79,995,5,81,-3.1043216080402014
7.911111111111111,38,214,6,14,0.4,0.714572864321608,0.24381625441696114,44,995,4,54,-3.517688442211055
8.790123456790123,53,163,5,14,0.5,0.7155778894472362,0.4219858156028369,55,995,6,24,-5.058391959798995
9.326923076923077,44,63,0,14,0.6,0.4864321608040201,0.8764705882352941,128,995,2,7,-4.147035175879397
3.9714285714285715,5,78,19,15,0.1,0.13969849246231156,0.15217391304347827,30,197,0,252,-0.12884422110552748
5.7844827586206895,29,279,38,15,0.2,0.671356783919598,0.1441717791411043,46,995,5,126,-2.5808040201005027
7.04,46,239,38,15,0.3,0.7075376884422111,0.17586206896551723,55,995,5,108,-4.297386934673367
7.260416666666667,37,228,16,15,0.4,0.699497487437186,0.2348993288590604,69,995,5,59,-3.4303517587939703
8.568965517241379,41,87,0,15,0.5,0.4994974874371859,0.8249496981891348,47,995,3,22,-3.833266331658291
9.148936170212766,29,61,0,15,0.6,0.4311557788944724,0.8920353982300885,81,995,1,6,-2.635678391959799
7.684210526315789,3,26,0,16,0.1,0.14673366834170853,0.43478260869565216,57,25,3,144,0.04301507537688465
5.31404958677686,28,297,51,16,0.2,0.6452261306532663,0.15625,38,995,3,161,-2.4514572864321607
7.1313131313131315,47,234,12,16,0.3,0.7085427135678392,0.1903114186851211,78,995,3,63,-4.39356783919598
7.3061224489795915,47,224,7,16,0.4,0.7195979899497488,0.19424460431654678,72,995,5,56,-4.436683417085427
8.73972602739726,49,138,4,16,0.5,0.6402010050251257,0.6134453781512605,44,995,6,24,-4.658090452261305
9.612244897959183,24,59,0,16,0.6,0.4723618090452261,0.8874045801526718,50,995,2,11,-2.13748743718593
7.043478260869565,1,37,1,17,0.1,0.1628140703517588,0.39344262295081966,64,63,6,187,0.21537688442211064
5.912280701754386,26,274,40,17,0.2,0.6763819095477387,0.14641744548286603,8,995,3,127,-2.2488442211055277
7.121212121212121,43,237,19,17,0.3,0.7075376884422111,0.18275862068965518,57,995,4,93,-3.9969849246231157
7.510416666666667,40,233,10,17,0.4,0.7236180904522613,0.14963503649635038,47,995,8,49,-3.745427135678392
7.361702127659575,38,214,7,17,0.5,0.6934673366834171,0.29605263157894735,11,995,4,48,-3.532060301507537
8.865384615384615,35,67,0,17,0.6,0.4623115577889447,0.8745318352059925,21,995,1,9,-3.2296482412060303
6.708333333333333,4,33,2,18,0.1,0.16180904522613065,0.547945205479452,82,25,3,172,-0.054673366834170734
5.555555555555555,25,283,46,18,0.2,0.6532663316582915,0.17732558139534885,66,994,2,156,-2.1441206030150752
7.141414141414141,47,229,8,18,0.3,0.7105527638190955,0.20209059233449478,66,995,4,65,-4.391457286432161
8.284090909090908,50,209,7,18,0.4,0.7296482412060301,0.22014925373134328,70,995,6,44,-4.749346733668341
8.55,45,176,10,18,0.5,0.6874371859296482,0.432258064516129,52,995,0,43,-4.195477386934673
9.038461538461538,42,63,0,18,0.6,0.4723618090452261,0.8797709923664122,87,995,2,9,-3.9415075376884414
5.214285714285714,1,26,7,19,0.1,0.07336683417085427,0.23529411764705882,26,29,0,215,0.27095477386934685
5.248,28,282,49,19,0.2,0.6572864321608041,0.17058823529411765,41,995,2,161,-2.4447236180904524
7.371134020618556,46,235,12,19,0.3,0.7175879396984924,0.16071428571428573,71,995,4,65,-4.303115577889447
8.188888888888888,42,216,10,19,0.4,0.7396984924623116,0.16279069767441862,22,995,3,45,-3.909547738693467
8.43661971830986,46,124,2,19,0.5,0.6010050251256281,0.6868686868686869,22,995,6,22,-4.358492462311558
9.145454545454545,36,98,1,19,0.6,0.5055276381909548,0.8004073319755601,28,995,1,8,-3.3216080402010046
5.857142857142857,2,47,8,20,0.1,0.12361809045226131,0.3561643835616438,66,38,0,225,0.17557788944723624
6.528846153846154,33,260,35,20,0.2,0.6804020100502512,0.17981072555205047,63,995,5,117,-2.9724623115577886
7.06,34,233,14,20,0.3,0.7085427135678392,0.19377162629757785,80,995,4,80,-3.0936683417085424
7.904255319148936,63,207,7,20,0.4,0.7457286432160805,0.17857142857142858,79,995,5,57,-6.035678391959799
7.961538461538462,42,136,1,20,0.5,0.6221105527638191,0.6373333333333333,45,995,4,41,-3.940904522613065
8.784313725490197,27,68,0,20,0.6,0.45025125628140705,0.8754578754578755,22,995,1,11,-2.429145728643216
6.9375,2,25,2,21,0.1,0.11155778894472362,0.5283018867924528,59,24,1,230,0.16231155778894482
5.426229508196721,32,281,44,21,0.2,0.664321608040201,0.15615615615615616,18,995,10,161,-2.923819095477387
6.864077669902913,38,230,13,21,0.3,0.7085427135678392,0.2041522491349481,59,995,5,77,-3.5140703517587935
7.698924731182796,54,219,13,21,0.4,0.7185929648241206,0.21505376344086022,57,995,4,58,-5.125829145728643
7.694117647058824,52,152,5,21,0.5,0.6562814070351759,0.5542521994134897,36,995,1,50,-4.9074371859296475
8.893617021276595,34,54,0,21,0.6,0.4190954773869347,0.9064124783362218,50,995,1,7,-3.136281407035175
3.888888888888889,1,14,3,22,0.1,0.035175879396984924,0.5,24,17,0,203,0.2727638190954775
5.508196721311475,33,273,37,22,0.2,0.6743718592964824,0.15479876160990713,40,995,9,148,-3.020502512562814
6.701923076923077,37,255,19,22,0.3,0.699497487437186,0.14429530201342283,29,995,4,86,-3.3952763819095475
7.23469387755102,47,233,11,22,0.4,0.7115577889447237,0.1853146853146853,50,995,6,70,-4.439597989949748
8.46987951807229,40,153,5,22,0.5,0.7045226130653266,0.4778156996587031,53,995,7,33,-3.769246231155779
9.583333333333334,30,52,0,22,0.6,0.46130653266331656,0.902803738317757,28,995,1,6,-2.7294472361809046
5.3076923076923075,2,24,1,23,0.1,0.06934673366834171,0.52,54,13,0,199,0.17145728643216088
5.538461538461538,34,290,56,23,0.2,0.650251256281407,0.1642651296829971,61,993,7,184,-3.0952763819095477
6.317757009345795,39,264,36,23,0.3,0.678391959798995,0.1724137931034483,73,995,4,123,-3.5884422110552765
7.769230769230769,37,242,21,23,0.4,0.7095477386934673,0.1597222222222222,64,995,7,56,-3.448341708542714
7.9868421052631575,45,131,6,23,0.5,0.6090452261306533,0.6623711340206185,40,995,6,40,-4.259195979899497
9.09433962264151,29,68,0,23,0.6,0.4824120603015075,0.867704280155642,58,995,4,5,-2.6587939698492464
7.8,1,11,2,24,0.1,0.03919597989949749,0.26666666666666666,8,43,0,178,0.27045226130653277
4.916666666666667,31,293,43,24,0.2,0.6512562814070352,0.13569321533923304,42,976,9,165,-2.816884422110553
6.336363636363636,45,242,29,24,0.3,0.699497487437186,0.18791946308724833,57,995,3,121,-4.185929648241206
8.087912087912088,49,207,9,24,0.4,0.7396984924623116,0.19767441860465115,31,995,5,44,-4.632261306532664
8.706666666666667,63,128,2,24,0.5,0.6552763819095477,0.6257309941520468,55,995,5,31,-6.0545728643216075
9.91304347826087,31,51,0,24,0.6,0.45829145728643217,0.9052044609665427,56,995,3,4,-2.8498492462311553
6.260869565217392,7,51,5,25,0.1,0.14472361809045226,0.35443037974683544,51,120,1,183,-0.33125628140703506
6.027027027027027,25,272,39,25,0.2,0.671356783919598,0.1656441717791411,66,993,5,124,-2.181407035175879
6.776699029126213,39,240,23,25,0.3,0.7015075376884422,0.1891891891891892,66,995,5,93,-3.5973869346733665
7.934782608695652,36,221,3,25,0.4,0.7336683417085427,0.1596958174904943,74,990,8,36,-3.3596984924623112
8.346153846153847,32,70,0,25,0.5,0.43618090452261304,0.875,62,995,2,16,-2.9255276381909545
8.90566037735849,45,63,0,25,0.6,0.4733668341708543,0.8795411089866156,60,995,1,5,-4.23537688442211
7.25,2,33,4,26,0.1,0.11658291457286432,0.36538461538461536,38,71,1,159,0.1643216080402011
5.5508474576271185,30,278,44,26,0.2,0.6582914572864321,0.1701492537313433,51,990,4,147,-2.6624120603015076
7.195876288659794,42,240,28,26,0.3,0.700502512562814,0.1919191919191919,64,994,4,85,-3.900804020100502
8.2,41,215,6,26,0.4,0.7396984924623116,0.16666666666666666,54,995,3,38,-3.806030150753769
9.142857142857142,39,55,0,26,0.5,0.4492462311557789,0.8994515539305301,45,995,4,9,-3.6468341708542713
9.075471698113208,34,75,0,26,0.6,0.4824120603015075,0.8540856031128404,48,995,2,8,-3.149447236180905
7.25,3,29,0,27,0.1,0.11557788944723618,0.49122807017543857,59,18,1,175,0.06351758793969868
5.6722689075630255,36,272,38,27,0.2,0.6773869346733669,0.13924050632911392,39,986,2,133,-3.248643216080402
7.163265306122449,44,239,30,27,0.3,0.7045226130653266,0.18430034129692832,70,995,7,96,-4.123718592964824
7.634408602150538,47,234,17,27,0.4,0.7125628140703517,0.17894736842105263,57,995,4,78,-4.418090452261307
8.2,53,133,5,27,0.5,0.6170854271356784,0.65,60,995,2,38,-5.030753768844222
9.277777777777779,33,68,0,27,0.6,0.5035175879396985,0.8620689655172413,107,995,0,6,-3.0205025125628135
6.833333333333333,2,27,0,28,0.1,0.12361809045226131,0.5263157894736842,73,12,1,138,0.1571859296482413
5.391666666666667,31,289,51,28,0.2,0.6482412060301508,0.17191977077363896,34,995,4,180,-2.772663316582914
7.12,56,237,25,28,0.3,0.714572864321608,0.1625441696113074,56,995,6,94,-5.322914572864321
7.02020202020202,48,246,14,28,0.4,0.6954773869346733,0.18543046357615894,53,995,5,71,-4.5237185929648245
8.05813953488372,41,177,5,28,0.5,0.6964824120603015,0.4119601328903654,76,995,3,36,-3.8264321608040204
8.981132075471699,37,64,0,28,0.6,0.47839195979899496,0.8764478764478765,36,995,2,17,-3.4378894472361807
5.285714285714286,3,12,1,29,0.1,0.0371859296482412,0.2,8,42,0,159,0.0668341708542715
5.9,32,226,28,29,0.2,0.5919597989949749,0.15985130111524162,58,801,6,152,-2.892060301507538
6.6761904761904765,41,239,27,29,0.3,0.7045226130653266,0.18430034129692832,50,995,7,100,-3.823417085427135
7.945054945054945,40,226,13,29,0.4,0.7256281407035176,0.16911764705882354,50,995,4,51,-3.7106532663316587
8.26923076923077,31,64,0,29,0.5,0.4311557788944724,0.8867256637168142,12,995,1,14,-2.8181909547738697
9.51923076923077,26,63,0,29,0.6,0.49748743718592964,0.87374749498998,78,995,2,5,-2.337989949748744
7.5,1,37,0,30,0.1,0.12060301507537688,0.5,81,25,3,193,0.23969849246231162
5.947826086956522,28,269,43,30,0.2,0.6874371859296482,0.13225806451612904,47,995,5,164,-2.47608040201005
6.2,51,249,34,30,0.3,0.6844221105527638,0.20447284345047922,78,995,1,120,-4.769045226130653
7.777777777777778,45,203,12,30,0.4,0.7025125628140704,0.31186440677966104,83,995,5,51,-4.231557788944723
8.924528301886792,37,68,0,30,0.5,0.4733668341708543,0.869980879541109,42,995,2,18,-3.4308542713567833
8.566037735849056,28,73,0,30,0.6,0.4552763819095477,0.8650646950092421,40,995,0,10,-2.5209045226130655
6.529411764705882,1,24,0,31,0.1,0.11155778894472362,0.4782608695652174,52,11,2,216,0.2574874371859297
6.2727272727272725,31,260,51,31,0.2,0.6924623115577889,0.14754098360655737,62,993,10,155,-2.81929648241206
6.70873786407767,36,247,21,31,0.3,0.6944723618090453,0.1848184818481848,31,995,5,90,-3.3006030150753762
7.6,40,230,8,31,0.4,0.7236180904522613,0.16058394160583941,58,995,4,54,-3.7204020100502513
8.757575757575758,43,110,2,31,0.5,0.5798994974874372,0.7362110311750599,52,995,7,22,-4.0703517587939695
9.296296296296296,44,62,0,31,0.6,0.5045226130653266,0.8739837398373984,46,995,2,7,-4.14070351758794
6.3,1,33,1,32,0.1,0.12562814070351758,0.36538461538461536,51,48,3,188,0.24512562814070354
5.636363636363637,41,276,75,32,0.2,0.6231155778894473,0.15337423312883436,57,927,7,200,-3.8028140703517583
6.640776699029126,42,247,29,32,0.3,0.6864321608040201,0.2057877813504823,50,995,2,107,-3.8716582914572863
7.157894736842105,45,225,19,32,0.4,0.6834170854271356,0.28343949044585987,43,995,5,71,-4.231155778894473
9.067796610169491,31,92,2,32,0.5,0.5366834170854271,0.8,68,995,4,27,-2.848643216080402
9.20754716981132,40,63,0,32,0.6,0.4894472361809045,0.8757396449704142,50,995,5,8,-3.7790954773869343
7.071428571428571,7,47,3,33,0.1,0.19899497487437187,0.3380281690140845,57,123,4,146,-0.36763819095477385
5.851851851851852,34,258,40,33,0.2,0.6341708542713568,0.14,46,899,5,140,-3.0753768844221105
6.75,34,245,20,33,0.3,0.7045226130653266,0.16382252559726962,36,995,3,88,-3.0796984924623114
7.255102040816326,53,228,24,33,0.4,0.7135678391959799,0.19718309859154928,69,995,5,88,-5.027738693467337
8.51063829787234,26,63,1,33,0.5,0.40100502512562813,0.8941176470588236,36,995,3,15,-2.3349748743718592
9.673076923076923,31,60,0,33,0.6,0.5055276381909548,0.8778004073319755,12,995,2,2,-2.8406030150753767
6.375,7,22,0,34,0.1,0.10251256281407035,0.5217391304347826,54,12,1,177,-0.34311557788944697
6.079646017699115,37,269,35,34,0.2,0.6894472361809045,0.1266233766233766,79,995,10,134,-3.4293467336683414
6.742574257425742,37,261,32,34,0.3,0.6814070351758794,0.1525974025974026,61,980,7,96,-3.4207035175879397
7.645833333333333,45,217,5,34,0.4,0.735678391959799,0.1717557251908397,22,995,9,55,-4.2556783919597985
9.21311475409836,39,111,3,34,0.5,0.563819095477387,0.74364896073903,38,995,3,17,-3.6389949748743717
9.04,30,57,0,34,0.6,0.4542713567839196,0.8948339483394834,27,995,2,4,-2.744723618090452
6.6,1,28,3,35,0.1,0.13266331658291458,0.42857142857142855,62,25,3,158,0.23567839195979906
5.898989898989899,29,223,32,35,0.2,0.5859296482412061,0.2147887323943662,54,830,5,145,-2.574974874371859
6.566037735849057,40,246,20,35,0.3,0.6984924623115578,0.17725752508361203,56,995,5,92,-3.7023115577889443
7.572916666666667,48,216,12,35,0.4,0.7296482412060301,0.19402985074626866,49,995,6,61,-4.542211055276382
7.681318681318682,37,223,6,35,0.5,0.700502512562814,0.24915824915824916,58,995,4,34,-3.4325628140703515
8.833333333333334,25,55,0,35,0.6,0.37185929648241206,0.9118589743589743,64,995,1,9,-2.2272361809045225
7.9375,6,29,1,36,0.1,0.12763819095477386,0.42,46,60,0,158,-0.232361809045226
6.3545454545454545,42,250,29,36,0.2,0.7015075376884422,0.14383561643835616,42,980,1,126,-3.8378894472361798
6.898989898989899,39,248,28,36,0.3,0.6864321608040201,0.20257234726688103,54,995,3,85,-3.590452261306533
7.739130434782608,46,210,10,36,0.4,0.714572864321608,0.2579505300353357,20,995,6,50,-4.338291457286432
8.116279069767442,46,181,4,36,0.5,0.7015075376884422,0.3885135135135135,55,995,5,38,-4.35105527638191
9.482142857142858,38,64,0,36,0.6,0.5336683417085427,0.8617710583153347,54,995,4,3,-3.56572864321608
7.352941176470588,4,28,0,37,0.1,0.12462311557788945,0.5409836065573771,63,23,1,158,-0.03648241206030137
5.956140350877193,34,267,35,37,0.2,0.6814070351758794,0.1550632911392405,56,995,6,128,-3.083417085427136
6.127272727272727,31,263,31,37,0.3,0.6753768844221105,0.18322981366459629,51,995,3,111,-2.782110552763819
7.438775510204081,62,223,10,37,0.4,0.7316582914572864,0.16165413533834586,70,995,9,70,-5.97929648241206
8.021978021978022,57,198,0,37,0.5,0.7326633165829146,0.2528301886792453,62,995,2,43,-5.418693467336684
9.041666666666666,31,55,0,37,0.6,0.43517587939698493,0.9019607843137255,22,995,3,8,-2.8495477386934676
7.636363636363637,4,38,3,38,0.1,0.1678391959798995,0.4492753623188406,73,37,2,168,-0.04974874371859282
5.9375,31,271,54,38,0.2,0.6663316582914572,0.17378048780487804,69,988,7,168,-2.7931658291457286
6.2592592592592595,43,264,29,38,0.3,0.678391959798995,0.1724137931034483,40,995,7,93,-4.031658291457286
8.258426966292134,58,213,10,38,0.4,0.7376884422110552,0.18076923076923077,53,995,6,38,-5.546532663316582
7.88135593220339,26,89,1,38,0.5,0.4663316582914573,0.8320754716981132,40,995,0,21,-2.3028140703517583
8.9,31,54,0,38,0.6,0.4462311557788945,0.9018181818181819,67,995,2,6,-2.8402010050251256
6.538461538461538,1,18,0,39,0.1,0.08442211055276382,0.5609756097560976,52,18,3,148,0.2398994974874373
6.137254901960785,25,255,37,39,0.2,0.629145728643216,0.15,75,898,5,126,-2.1700502512562814
6.60377358490566,42,247,18,39,0.3,0.7025125628140704,0.16271186440677965,39,995,3,83,-3.8899497487437187
8.2,42,227,4,39,0.4,0.7407035175879397,0.11673151750972763,71,995,5,38,-3.942613065326633
8.771929824561404,35,74,1,39,0.5,0.5025125628140703,0.8502024291497976,53,995,3,18,-3.235678391959799
9.565217391304348,19,60,0,39,0.6,0.44221105527638194,0.8916967509025271,51,995,3,4,-1.6441206030150755
7.235294117647059,3,26,0,40,0.1,0.12361809045226131,0.543859649122807,66,39,3,199,0.04462311557788962
5.769230769230769,32,267,39,40,0.2,0.6773869346733669,0.165625,43,995,5,150,-2.8845226130653265
6.339449541284404,39,258,21,40,0.3,0.6934673366834171,0.1513157894736842,68,995,3,83,-3.5867336683417084
7.257731958762887,40,224,13,40,0.4,0.7065326633165829,0.23024054982817868,48,995,8,62,-3.75608040201005
8.556962025316455,60,143,5,40,0.5,0.678391959798995,0.5517241379310345,84,995,5,34,-5.75678391959799
9.020408163265307,28,58,0,40,0.6,0.44321608040201005,0.895117540687161,34,995,1,7,-2.525427135678392
8.15,2,37,0,41,0.1,0.16381909547738693,0.4861111111111111,93,13,2,165,0.15125628140703523
6.666666666666667,32,206,20,41,0.2,0.5809045226130654,0.1693548387096774,72,802,8,122,-2.9218090452261305
6.4495412844036695,46,241,18,41,0.3,0.7055276381909548,0.17465753424657535,24,995,4,94,-4.297185929648241
7.760869565217392,55,226,6,41,0.4,0.7165829145728643,0.19572953736654805,62,995,7,37,-5.246834170854271
7.82089552238806,35,95,0,41,0.5,0.5256281407035176,0.7983014861995754,46,995,6,20,-3.2614070351758793
9.442307692307692,30,64,0,41,0.6,0.4934673366834171,0.8727634194831014,45,995,0,11,-2.7132663316582915
7.44,5,38,3,42,0.1,0.18693467336683417,0.4153846153846154,56,61,2,184,-0.14140703517587921
5.54954954954955,28,265,47,42,0.2,0.6190954773869347,0.17445482866043613,73,903,6,162,-2.4838190954773864
6.990196078431373,43,234,21,42,0.3,0.7155778894472362,0.1702127659574468,16,995,6,86,-4.010552763819096
7.945652173913044,47,218,9,42,0.4,0.7336683417085427,0.17424242424242425,73,995,4,43,-4.416984924623115
8.029411764705882,34,104,0,42,0.5,0.5477386934673367,0.7683741648106904,41,995,3,25,-3.1266331658291455
9.23076923076923,28,63,0,42,0.6,0.4814070351758794,0.8776699029126214,48,995,1,6,-2.531256281407035
7.476190476190476,3,24,0,43,0.1,0.1577889447236181,0.5555555555555556,78,12,7,160,-0.0005025125628139275
5.6869565217391305,28,272,38,43,0.2,0.6562814070351759,0.14465408805031446,61,958,3,149,-2.455577889447236
7.3061224489795915,56,232,17,43,0.3,0.7185929648241206,0.16845878136200718,64,995,4,77,-5.302010050251257
8.133333333333333,53,215,9,43,0.4,0.7346733668341708,0.18250950570342206,49,995,3,44,-5.013266331658291
7.9523809523809526,41,180,8,43,0.5,0.6703517587939698,0.44954128440366975,61,995,4,48,-3.837286432160804
8.98,31,59,0,43,0.6,0.45125628140703516,0.8917431192660551,49,995,0,8,-2.8158793969849247
7.217391304347826,4,42,4,44,0.1,0.16482412060301507,0.4084507042253521,69,50,0,185,-0.023417085427135605
5.504201680672269,25,281,42,44,0.2,0.6572864321608041,0.17352941176470588,39,995,5,158,-2.1718592964824115
6.509433962264151,49,245,14,44,0.3,0.6914572864321608,0.19934640522875818,15,995,3,78,-4.592160804020101
7.604166666666667,42,225,9,44,0.4,0.7326633165829146,0.1509433962264151,72,995,4,68,-3.9147738693467335
7.381443298969073,57,222,5,44,0.5,0.7195979899497488,0.2014388489208633,61,995,5,44,-5.448844221105527
9.392156862745098,37,61,0,44,0.6,0.4814070351758794,0.8815533980582524,17,995,2,6,-3.439597989949749
6.961538461538462,5,44,1,45,0.1,0.18190954773869347,0.47619047619047616,71,106,3,186,-0.15356783919597977
5.765217391304348,38,276,39,45,0.2,0.6653266331658292,0.1686746987951807,60,995,7,130,-3.500904522613065
6.169642857142857,61,250,27,45,0.3,0.6934673366834171,0.17763157894736842,35,995,5,110,-5.811155778894472
7.933333333333334,48,212,13,45,0.4,0.7165829145728643,0.24555160142348753,55,995,6,52,-4.534673366834171
8.6625,56,160,6,45,0.5,0.6954773869346733,0.47019867549668876,53,995,4,41,-5.337688442211055
9.816326530612244,33,57,0,45,0.6,0.4824120603015075,0.8891050583657587,48,995,4,4,-3.06070351758794
7.36,9,43,5,46,0.1,0.1849246231155779,0.38571428571428573,77,48,0,190,-0.5270351758793966
6.123893805309734,33,247,25,46,0.2,0.6954773869346733,0.18211920529801323,41,995,5,118,-2.983517587939698
6.443396226415095,36,248,23,46,0.3,0.685427135678392,0.20512820512820512,50,995,3,82,-3.276582914572864
7.526315789473684,46,223,13,46,0.4,0.7175879396984924,0.20357142857142857,53,995,5,54,-4.329346733668341
8.5625,40,96,2,46,0.5,0.549748743718593,0.785234899328859,48,995,4,22,-3.7432160804020103
8.892857142857142,39,72,0,46,0.6,0.4994974874371859,0.8551307847082495,48,995,0,12,-3.6194974874371857
6.95,3,29,0,47,0.1,0.13869346733668342,0.5857142857142857,81,21,1,178,0.0653266331658292
5.756521739130434,35,280,58,47,0.2,0.664321608040201,0.15915915915915915,54,995,7,165,-3.1943718592964827
7.04,39,239,19,47,0.3,0.7065326633165829,0.17869415807560138,47,995,5,83,-3.602311557788945
8.233333333333333,39,216,5,47,0.4,0.742713567839196,0.15294117647058825,53,995,10,34,-3.6675376884422115
8.426470588235293,38,100,4,47,0.5,0.5748743718592965,0.7630331753554502,52,995,5,18,-3.5550753768844223
8.946428571428571,38,74,0,47,0.6,0.5035175879396985,0.8498985801217038,67,995,1,13,-3.5255276381909546
4.8,1,7,0,48,0.1,0.024120603015075376,0.4166666666666667,11,35,0,189,0.27045226130653277
5.911764705882353,25,259,38,48,0.2,0.6060301507537689,0.14802631578947367,74,895,7,134,-2.195577889447236
6.891089108910891,38,242,16,48,0.3,0.6974874371859296,0.19333333333333333,52,995,4,86,-3.497185929648241
7.695652173913044,54,224,16,48,0.4,0.7105527638190955,0.21951219512195122,54,995,3,63,-5.11105527638191
8.628571428571428,46,117,1,48,0.5,0.6060301507537689,0.7007672634271099,56,995,2,28,-4.314874371859296
8.785714285714286,33,66,0,48,0.6,0.4934673366834171,0.8687872763419483,41,995,1,7,-3.0325628140703516
7.35,1,31,0,49,0.1,0.14673366834170853,0.4918032786885246,71,18,3,182,0.24703517587939705
5.726495726495727,26,272,30,49,0.2,0.6723618090452261,0.15789473684210525,51,992,7,141,-2.289145728643216
6.871287128712871,41,243,36,49,0.3,0.6964824120603015,0.19269102990033224,69,995,3,108,-3.7829145728643216
7.526315789473684,39,220,11,49,0.4,0.7175879396984924,0.21428571428571427,13,995,5,60,-3.622110552763819
7.871428571428571,39,112,2,49,0.5,0.5527638190954773,0.7477477477477478,118,995,2,30,-3.62
8.918367346938776,35,61,0,49,0.6,0.4381909547738693,0.8906810035842294,47,995,1,9,-3.2332663316582915
6.6,2,33,1,50,0.1,0.13266331658291458,0.45901639344262296,72,19,3,226,0.1419095477386936
6.115044247787611,31,247,26,50,0.2,0.6924623115577889,0.1901639344262295,62,995,3,120,-2.7604020100502513
5.912280701754386,29,259,14,50,0.3,0.6763819095477387,0.19314641744548286,16,995,7,93,-2.613869346733668
8.166666666666666,40,217,12,50,0.4,0.7376884422110552,0.16538461538461538,63,995,8,50,-3.7619095477386932
9.122448979591837,22,69,0,50,0.5,0.4492462311557789,0.8738574040219378,11,995,1,17,-1.9207035175879397
9.363636363636363,25,53,0,50,0.6,0.4130653266331658,0.9090909090909091,45,995,0,8,-2.216180904522613
6.9411764705882355,5,28,0,51,0.1,0.1185929648241206,0.44,45,35,2,155,-0.14814070351758785
6.142857142857143,33,268,30,51,0.2,0.6904522613065327,0.1270358306188925,55,995,7,122,-2.9949748743718594
7.16,54,227,16,51,0.3,0.7195979899497488,0.18345323741007194,8,995,2,86,-5.078492462311559
8.043478260869565,59,212,9,51,0.4,0.742713567839196,0.16862745098039217,53,995,8,43,-5.663517587939698
8.7,49,125,2,51,0.5,0.6120603015075377,0.6753246753246753,23,995,3,22,-4.630552763819095
9.27450980392157,26,62,0,51,0.6,0.47537688442211057,0.8809980806142035,112,995,0,8,-2.317889447236181
6.181818181818182,6,44,5,52,0.1,0.13668341708542714,0.36231884057971014,68,84,3,148,-0.2609045226130652
5.168,34,293,57,52,0.2,0.6472361809045226,0.16285714285714287,24,995,11,173,-3.1380904522613062
6.60377358490566,43,238,19,52,0.3,0.7025125628140704,0.19322033898305085,35,995,7,91,-4.028040201005026
7.375,57,227,15,52,0.4,0.7115577889447237,0.2062937062937063,64,995,3,72,-5.415577889447237
8.959183673469388,37,59,0,52,0.5,0.4402010050251256,0.8938848920863309,59,995,3,11,-3.4416080402010047
9.313725490196079,31,59,0,52,0.6,0.4763819095477387,0.8865384615384615,56,995,3,11,-2.8519597989949745
7.526315789473684,2,26,0,53,0.1,0.14371859296482412,0.44680851063829785,63,18,2,189,0.1524623115577891
6.008771929824562,35,259,38,53,0.2,0.6874371859296482,0.16451612903225807,68,995,7,135,-3.2
7.239583333333333,36,242,16,53,0.3,0.6974874371859296,0.19333333333333333,24,995,3,62,-3.2895477386934675
8.35632183908046,51,208,4,53,0.4,0.7296482412060301,0.22388059701492538,51,995,3,31,-4.8141708542713575
8.714285714285714,53,138,4,53,0.5,0.6733668341708543,0.5740740740740741,49,995,10,23,-5.102613065326634
8.814814814814815,36,64,0,53,0.6,0.47738693467336685,0.8766859344894027,42,995,1,7,-3.333668341708542
4.617647058823529,4,63,8,54,0.1,0.1577889447236181,0.25,44,145,0,231,-0.027035175879396932
6.185185185185185,35,270,58,54,0.2,0.671356783919598,0.17177914110429449,37,993,7,154,-3.1983919597989945
6.970588235294118,47,236,20,54,0.3,0.7125628140703517,0.17192982456140352,50,995,5,93,-4.403115577889447
7.494736842105263,51,232,20,54,0.4,0.714572864321608,0.18021201413427562,46,995,10,73,-4.876281407035176
8.318181818181818,45,204,3,54,0.5,0.7346733668341708,0.22433460076045628,55,995,5,31,-4.244221105527638
9.808510638297872,32,50,0,54,0.6,0.46331658291457284,0.9061913696060038,32,995,4,7,-2.9565829145728637
6.8,2,44,3,55,0.1,0.16984924623115577,0.40540540540540543,68,63,1,173,0.16412060301507547
5.158730158730159,32,283,43,55,0.2,0.6532663316582915,0.17008797653958943,38,990,5,175,-2.8801005025125628
7.494736842105263,42,232,21,55,0.3,0.7135678391959799,0.18309859154929578,26,995,9,73,-3.9431155778894467
7.817204301075269,52,216,15,55,0.4,0.7296482412060301,0.19402985074626866,43,995,5,63,-4.930251256281408
9.0,46,109,2,55,0.5,0.6050251256281407,0.7219387755102041,63,995,6,25,-4.35929648241206
9.352941176470589,29,59,0,55,0.6,0.4793969849246231,0.8858800773694391,47,995,2,5,-2.632562814070351
8.125,7,30,1,56,0.1,0.1306532663316583,0.4,34,97,3,213,-0.3563819095477385
5.508333333333334,33,290,33,56,0.2,0.6623115577889447,0.13432835820895522,82,995,5,140,-2.986834170854271
7.0,34,237,14,56,0.3,0.7095477386934673,0.17708333333333334,55,995,4,73,-3.1007035175879394
8.157303370786517,49,225,10,56,0.4,0.7286432160804021,0.16356877323420074,33,995,4,46,-4.619396984924623
8.341772151898734,50,153,5,56,0.5,0.6613065326633166,0.5446428571428571,15,995,7,29,-4.768040201005026
9.06,29,59,0,56,0.6,0.4542713567839196,0.8911439114391144,48,995,5,5,-2.671758793969849
6.444444444444445,4,24,0,57,0.1,0.11658291457286432,0.5294117647058824,67,18,3,195,-0.06321608040201
5.814159292035399,29,284,49,57,0.2,0.6603015075376885,0.1572700296735905,37,995,6,157,-2.589748743718593
6.622641509433962,54,238,21,57,0.3,0.7035175879396985,0.19047619047619047,39,995,3,100,-5.084522613065326
6.782178217821782,50,253,31,57,0.4,0.6874371859296482,0.18387096774193548,17,995,2,87,-4.704522613065326
8.392857142857142,22,69,0,57,0.5,0.471356783919598,0.8685714285714285,41,995,1,22,-1.9113567839195977
9.537037037037036,32,66,0,57,0.6,0.5165829145728643,0.8625,56,995,1,5,-2.932663316582915
7.869565217391305,2,34,1,58,0.1,0.18190954773869347,0.5584415584415584,80,61,0,174,0.17698492462311566
5.616822429906542,24,249,40,58,0.2,0.6010050251256281,0.1782178217821782,77,876,8,154,-2.1110552763819097
6.990291262135922,49,222,15,58,0.3,0.721608040201005,0.1956521739130435,11,995,4,83,-4.596783919597989
8.1,48,215,6,58,0.4,0.7316582914572864,0.19172932330827067,45,995,6,42,-4.547336683417086
8.25,45,199,4,58,0.5,0.7266331658291457,0.2656826568265683,68,995,2,34,-4.212964824120602
9.693877551020408,33,54,0,58,0.6,0.47738693467336685,0.8959537572254336,42,995,1,4,-3.030653266331658
7.157894736842105,0,34,1,59,0.1,0.135678391959799,0.4426229508196721,65,16,1,235,0.36492462311557794
6.026785714285714,32,260,49,59,0.2,0.6773869346733669,0.1875,62,995,3,126,-2.8595979899497483
6.857142857142857,38,232,14,59,0.3,0.7226130653266332,0.15636363636363637,47,995,7,87,-3.5182914572864323
7.6063829787234045,40,217,9,59,0.4,0.7165829145728643,0.2277580071174377,58,995,7,54,-3.759396984924623
8.19277108433735,47,179,4,59,0.5,0.6824120603015076,0.43174603174603177,44,995,4,25,-4.44110552763819
9.372549019607844,35,61,0,59,0.6,0.48040201005025124,0.8817829457364341,31,995,2,5,-3.238291457286432
7.071428571428571,1,22,1,60,0.1,0.09949748743718594,0.3125,36,25,0,192,0.27185929648241214
5.450819672131147,24,279,41,60,0.2,0.6673366834170854,0.15454545454545454,62,995,8,142,-2.0992964824120603
6.961165048543689,35,234,16,60,0.3,0.7195979899497488,0.15827338129496402,37,995,6,76,-3.2126633165829146
7.815217391304348,45,223,11,60,0.4,0.721608040201005,0.19202898550724637,47,995,4,45,-4.216582914572864
8.709090909090909,41,82,3,60,0.5,0.4793969849246231,0.8413926499032882,15,995,2,20,-3.8272361809045226
8.916666666666666,25,57,0,60,0.6,0.4291457286432161,0.8994708994708994,42,995,1,4,-2.2288442211055273
5.473684210526316,2,31,1,61,0.1,0.10251256281407035,0.39215686274509803,48,42,1,146,0.16221105527638205
6.0344827586206895,42,248,27,61,0.2,0.7025125628140704,0.15932203389830507,75,995,5,137,-3.880804020100502
7.494845360824742,46,216,16,61,0.3,0.7276381909547739,0.2,56,995,8,91,-4.342814070351758
7.913043478260869,48,219,5,61,0.4,0.7306532663316583,0.1797752808988764,89,995,10,52,-4.584522613065327
8.123287671232877,37,129,2,61,0.5,0.5949748743718593,0.6791044776119403,65,995,2,27,-3.420502512562814
9.235294117647058,31,63,0,61,0.6,0.4723618090452261,0.8797709923664122,35,995,0,10,-2.82
6.815789473684211,5,65,3,62,0.1,0.2592964824120603,0.32989690721649484,84,95,0,180,-0.12271356783919586
6.02803738317757,34,267,52,62,0.2,0.6472361809045226,0.1523809523809524,49,948,6,157,-3.0831155778894472
7.079207920792079,47,240,23,62,0.3,0.7175879396984924,0.14285714285714285,56,995,4,88,-4.3952763819095475
7.89247311827957,50,214,7,62,0.4,0.7366834170854272,0.18007662835249041,36,995,4,57,-4.724020100502512
8.597014925373134,44,109,2,62,0.5,0.578894472361809,0.7392344497607656,44,995,6,19,-4.157989949748743
9.660714285714286,40,71,0,62,0.6,0.542713567839196,0.8436123348017621,178,995,3,6,-3.757386934673366
6.636363636363637,6,48,12,63,0.1,0.14673366834170853,0.2835820895522388,33,122,0,177,-0.2227135678391959
5.919642857142857,33,276,47,63,0.2,0.6653266331658292,0.1686746987951807,66,995,3,149,-2.959798994974874
6.4907407407407405,35,247,21,63,0.3,0.7035175879396985,0.1598639455782313,17,995,5,96,-3.198190954773869
7.40625,44,232,16,63,0.4,0.7125628140703517,0.18596491228070175,15,995,9,49,-4.174371859296483
8.787878787878787,29,108,1,63,0.5,0.5829145728643216,0.7391304347826086,54,995,5,23,-2.6498492462311556
8.877551020408163,32,62,0,63,0.6,0.4371859296482412,0.889087656529517,40,995,0,7,-2.9160804020100497
7.212121212121212,4,56,6,64,0.1,0.23919597989949748,0.28205128205128205,68,82,5,169,-0.07768844221105523
6.150442477876106,46,260,32,64,0.2,0.6974874371859296,0.13333333333333333,14,995,8,122,-4.307537688442211
6.1,34,260,39,64,0.3,0.6733668341708543,0.19753086419753085,51,995,4,117,-3.0954773869346734
7.617021276595745,45,227,9,64,0.4,0.7185929648241206,0.1863799283154122,48,995,6,51,-4.236381909547738
8.56338028169014,48,106,2,64,0.5,0.6100502512562814,0.7260981912144703,68,995,4,27,-4.549748743718593
9.222222222222221,36,64,0,64,0.6,0.4994974874371859,0.8712273641851107,54,995,8,9,-3.4036180904522606
6.714285714285714,4,31,0,65,0.1,0.14170854271356784,0.5303030303030303,63,42,2,197,-0.03939698492462293
5.988636363636363,20,208,34,65,0.2,0.528643216080402,0.1746031746031746,64,685,3,155,-1.656180904522613
6.786407766990291,32,250,24,65,0.3,0.699497487437186,0.1610738255033557,64,995,9,85,-2.936582914572864
8.337078651685394,52,209,10,65,0.4,0.7447236180904523,0.17391304347826086,30,995,4,49,-4.925728643216081
8.842105263157896,46,136,1,65,0.5,0.6743718592964824,0.5789473684210527,28,995,7,29,-4.3678391959799
9.085106382978724,29,61,0,65,0.6,0.4291457286432161,0.892416225749559,64,995,1,3,-2.6291457286432163
6.411764705882353,0,22,0,66,0.1,0.10954773869346733,0.5111111111111111,47,18,4,218,0.3360804020100503
6.351851851851852,29,263,34,66,0.2,0.6874371859296482,0.15161290322580645,56,994,1,113,-2.5359798994974874
6.96,35,237,16,66,0.3,0.6984924623115578,0.20735785953177258,71,995,4,78,-3.201708542713568
7.151515151515151,31,233,12,66,0.4,0.7105527638190955,0.18815331010452963,13,995,5,61,-2.818291457286432
8.8125,36,92,2,66,0.5,0.5668341708542713,0.786046511627907,56,995,6,17,-3.361608040201005
9.185185185185185,27,70,0,66,0.6,0.4984924623115578,0.8594377510040161,71,995,1,10,-2.432964824120603
7.5625,5,26,1,67,0.1,0.12160804020100502,0.36585365853658536,53,11,3,213,-0.1619095477386933
5.541666666666667,30,280,42,67,0.2,0.6673366834170854,0.15151515151515152,56,995,3,155,-2.6601005025125626
7.03960396039604,45,239,17,67,0.3,0.7135678391959799,0.15845070422535212,57,995,9,79,-4.2500502512562806
7.913043478260869,57,205,7,67,0.4,0.7306532663316583,0.23220973782771537,65,995,6,48,-5.444120603015075
8.394366197183098,38,127,0,67,0.5,0.5979899497487438,0.681704260651629,45,995,4,12,-3.5437185929648245
9.156862745098039,38,64,0,67,0.6,0.46934673366834173,0.8785578747628083,60,995,2,13,-3.5386934673366834
7.611111111111111,0,28,1,68,0.1,0.13668341708542714,0.5333333333333333,69,20,6,189,0.312462311557789
5.048387096774194,28,318,60,68,0.2,0.628140703517588,0.1358695652173913,49,993,1,186,-2.4347738693467336
6.714285714285714,44,236,23,68,0.3,0.7075376884422111,0.18620689655172415,17,995,3,93,-4.07929648241206
7.778947368421052,47,221,10,68,0.4,0.7417085427135678,0.13671875,49,995,6,51,-4.440402010050251
8.057142857142857,50,109,2,68,0.5,0.5658291457286432,0.7470997679814385,38,995,3,30,-4.730452261306532
9.192307692307692,32,59,0,68,0.6,0.4793969849246231,0.8858800773694391,42,995,4,10,-2.964020100502512
7.214285714285714,1,23,2,69,0.1,0.10150753768844221,0.5106382978723404,70,23,1,202,0.26341708542713577
5.769230769230769,35,270,44,69,0.2,0.6773869346733669,0.15625,60,995,9,149,-3.2179899497487434
7.556701030927835,46,215,12,69,0.3,0.735678391959799,0.17938931297709923,39,995,6,71,-4.313668341708543
7.741935483870968,54,214,13,69,0.4,0.7226130653266332,0.22181818181818183,59,995,6,55,-5.138492462311558
9.177777777777777,23,49,0,69,0.5,0.4150753768844221,0.9156626506024096,38,995,1,14,-2.0114572864321607
9.11111111111111,32,64,0,69,0.6,0.4934673366834171,0.8727634194831014,106,995,4,7,-2.9579899497487436
6.5,6,56,12,70,0.1,0.1829145728643216,0.3563218390804598,62,119,2,225,-0.239899497487437
5.4,23,290,42,70,0.2,0.6492462311557788,0.16666666666666666,42,995,9,148,-2.018793969849246
6.900990099009901,47,239,26,70,0.3,0.699497487437186,0.19798657718120805,49,995,0,86,-4.347336683417085
7.568421052631579,42,226,14,70,0.4,0.721608040201005,0.18115942028985507,53,995,5,59,-3.9239195979899497
9.24,41,59,0,70,0.5,0.464321608040201,0.8890977443609023,36,995,3,21,-3.8410050251256282
9.358490566037736,28,64,0,70,0.6,0.49748743718592964,0.8717434869739479,70,995,1,5,-2.531557788944723
6.625,3,20,1,71,0.1,0.10653266331658291,0.6078431372549019,53,26,3,180,0.04542713567839209
5.162601626016261,42,286,56,71,0.2,0.6371859296482412,0.1588235294117647,46,962,5,184,-3.8782914572864318
6.6761904761904765,49,246,20,71,0.3,0.7035175879396985,0.16326530612244897,48,995,5,105,-4.605427135678392
6.864077669902913,55,240,15,71,0.4,0.7095477386934673,0.16666666666666666,50,995,2,72,-5.207939698492462
8.36144578313253,48,153,3,71,0.5,0.6974874371859296,0.49,87,995,4,37,-4.537889447236181
9.326086956521738,24,52,0,71,0.6,0.4311557788944724,0.9079646017699115,47,995,1,5,-2.121105527638191
6.0,2,37,7,72,0.1,0.10854271356783919,0.4032258064516129,42,91,2,185,0.15537688442211064
5.4033613445378155,31,303,65,72,0.2,0.6432160804020101,0.1440677966101695,47,991,4,187,-2.761005025125628
6.931372549019608,43,244,24,72,0.3,0.7105527638190955,0.14982578397212543,50,994,6,91,-4.013668341708542
7.123711340206185,40,234,20,72,0.4,0.6934673366834171,0.23026315789473684,28,995,6,70,-3.738391959798995
8.779220779220779,47,151,3,72,0.5,0.678391959798995,0.5266457680250783,52,995,6,33,-4.457788944723618
8.981132075471699,30,62,0,72,0.6,0.47738693467336685,0.8805394990366089,57,995,2,2,-2.7457286432160806
8.0,1,15,0,73,0.1,0.07236180904522613,0.6428571428571429,39,35,0,200,0.26884422110552775
5.720338983050848,18,269,38,73,0.2,0.6763819095477387,0.16199376947040497,59,995,8,146,-1.505427135678392
6.425925925925926,34,244,28,73,0.3,0.6964824120603015,0.1893687707641196,16,995,4,106,-3.0945728643216084
6.902912621359223,45,222,7,73,0.4,0.7135678391959799,0.21830985915492956,9,995,6,65,-4.231859296482412
8.441176470588236,44,110,2,73,0.5,0.5758793969849246,0.7387173396674585,45,995,4,26,-4.141306532663316
9.422222222222222,31,55,0,73,0.6,0.42613065326633165,0.9035087719298246,44,995,4,16,-2.857185929648241
7.4,7,29,1,74,0.1,0.1487437185929648,0.532258064516129,66,47,4,147,-0.3682412060301506
6.63,31,241,30,74,0.2,0.6663316582914572,0.13620071684587814,73,913,4,115,-2.7641206030150753
7.195876288659794,34,250,27,74,0.3,0.700502512562814,0.15824915824915825,73,994,9,96,-3.1441206030150752
8.306818181818182,48,218,10,74,0.4,0.7336683417085427,0.17424242424242425,15,995,2,40,-4.499095477386935
7.594202898550725,31,109,1,74,0.5,0.5256281407035176,0.7685774946921444,25,995,5,38,-2.8479396984924623
9.291666666666666,50,55,0,74,0.6,0.4472361809045226,0.8998178506375227,46,995,2,7,-4.745125628140703
6.724137931034483,7,54,1,75,0.1,0.19597989949748743,0.4,78,110,1,186,-0.3347738693467336
6.383177570093458,31,261,33,75,0.2,0.685427135678392,0.16346153846153846,80,995,5,107,-2.7843216080402007
6.900990099009901,39,230,27,75,0.3,0.699497487437186,0.22818791946308725,62,995,9,98,-3.6486432160804014
8.25,58,210,15,75,0.4,0.7286432160804021,0.21933085501858737,80,995,5,52,-5.536080402010051
8.567901234567902,54,165,6,75,0.5,0.6954773869346733,0.45364238410596025,58,995,6,38,-5.161206030150753
9.075471698113208,42,61,0,75,0.6,0.4824120603015075,0.8813229571984436,52,995,3,10,-3.9556783919597986
7.8,8,35,1,76,0.1,0.19597989949748743,0.5138888888888888,69,92,5,192,-0.4728643216080401
6.451923076923077,38,254,51,76,0.2,0.6743718592964824,0.1779935275080906,46,980,6,146,-3.4927638190954777
7.08,38,225,16,76,0.3,0.7105527638190955,0.21602787456445993,58,995,10,76,-3.5478391959799
7.6,55,218,19,76,0.4,0.7246231155778895,0.20146520146520147,59,995,3,72,-5.2071356783919605
8.878378378378379,49,122,0,76,0.5,0.6592964824120603,0.6390532544378699,77,995,3,28,-4.631055276381909
9.145833333333334,32,62,0,76,0.6,0.4402010050251256,0.8884892086330936,25,995,2,6,-2.940804020100502
6.482758620689655,5,57,9,77,0.1,0.18894472361809045,0.32941176470588235,66,99,3,164,-0.1578894472361807
6.735849056603773,33,234,23,77,0.2,0.7155778894472362,0.1702127659574468,79,989,6,115,-2.987537688442211
6.556603773584905,38,245,36,77,0.3,0.6954773869346733,0.18874172185430463,62,995,4,108,-3.497386934673367
7.5,59,223,12,77,0.4,0.7226130653266332,0.1890909090909091,27,995,5,60,-5.636281407035176
8.695121951219512,61,148,3,77,0.5,0.714572864321608,0.47703180212014135,62,995,2,32,-5.824020100502512
8.82,29,65,0,77,0.6,0.44221105527638194,0.8826714801444043,56,995,2,5,-2.6370854271356783
8.0,8,40,3,78,0.1,0.17688442211055277,0.38461538461538464,75,63,4,199,-0.46522613065326596
5.233333333333333,21,301,49,78,0.2,0.6311557788944724,0.17759562841530055,57,995,2,161,-1.7516582914572865
7.285714285714286,39,232,27,78,0.3,0.7175879396984924,0.17142857142857143,49,995,5,97,-3.6059296482412058
7.404040404040404,42,225,9,78,0.4,0.735678391959799,0.14122137404580154,54,995,6,49,-3.9392964824120607
9.0125,48,185,2,78,0.5,0.7236180904522613,0.3248175182481752,8,995,2,22,-4.513266331658291
8.911111111111111,34,54,0,78,0.6,0.4030150753768844,0.9089376053962901,46,995,3,9,-3.145125628140703
5.0625,1,32,3,79,0.1,0.0814070351758794,0.36,35,80,2,172,0.24864321608040207
5.811881188118812,28,210,24,79,0.2,0.5889447236180905,0.1532258064516129,65,760,5,152,-2.470653266331658
6.930693069306931,42,237,28,79,0.3,0.7025125628140704,0.19661016949152543,68,995,7,99,-3.9218090452261305
7.739130434782608,42,217,12,79,0.4,0.714572864321608,0.2332155477031802,47,995,5,65,-3.921507537688442
8.4,46,94,1,79,0.5,0.5477386934673367,0.7906458797327395,104,995,5,9,-4.3580904522613055
9.186440677966102,34,83,0,79,0.6,0.5437185929648242,0.8167770419426048,76,995,2,7,-3.1358793969849246
6.666666666666667,1,26,2,80,0.1,0.10050251256281408,0.5185185185185185,64,18,3,166,0.2459296482412061
6.603960396039604,31,258,34,80,0.2,0.6693467336683417,0.17307692307692307,75,973,5,116,-2.7795979899497487
6.476190476190476,35,272,39,80,0.3,0.6834170854271356,0.1337579617834395,56,995,4,97,-3.1899497487437185
8.136363636363637,38,217,12,80,0.4,0.7185929648241206,0.2222222222222222,53,995,5,43,-3.5281407035175882
8.159090909090908,45,204,5,80,0.5,0.7195979899497488,0.26618705035971224,30,995,5,33,-4.239999999999999
9.346938775510203,32,53,0,80,0.6,0.4592964824120603,0.9013035381750466,40,995,1,16,-2.926331658291457
5.230769230769231,1,20,0,81,0.1,0.06834170854271357,0.5652173913043478,42,22,0,223,0.27417085427135685
5.717948717948718,34,269,47,81,0.2,0.671356783919598,0.1723076923076923,77,980,4,153,-3.0707537688442206
7.12,43,233,25,81,0.3,0.714572864321608,0.17667844522968199,74,995,2,105,-3.9704522613065323
7.515789473684211,43,232,18,81,0.4,0.7165829145728643,0.17437722419928825,61,994,10,68,-4.0711557788944726
8.271428571428572,36,115,0,81,0.5,0.5809045226130654,0.7235576923076923,102,995,3,24,-3.3304522613065326
9.14,34,61,0,81,0.6,0.45829145728643217,0.8866171003717472,57,995,2,9,-3.143819095477387
6.7727272727272725,5,38,6,82,0.1,0.14974874371859295,0.4722222222222222,58,66,0,204,-0.12391959798994959
6.310679611650485,32,233,18,82,0.2,0.6532663316582915,0.1853146853146853,23,902,5,127,-2.8791959798994977
7.071428571428571,45,241,22,82,0.3,0.6954773869346733,0.20198675496688742,69,995,4,74,-4.206633165829145
7.154639175257732,46,231,13,82,0.4,0.6964824120603015,0.23255813953488372,15,995,3,69,-4.305226130653266
8.426229508196721,33,91,1,82,0.5,0.5155778894472361,0.8108108108108109,35,995,3,14,-3.036281407035175
9.020833333333334,37,54,0,82,0.6,0.43417085427135677,0.9039145907473309,35,995,0,6,-3.4253266331658287
7.4,4,27,3,83,0.1,0.11155778894472362,0.5,58,42,2,225,-0.04733668341708528
5.982300884955753,39,266,34,83,0.2,0.678391959798995,0.16352201257861634,11,989,5,125,-3.5772864321608036
7.291666666666667,41,243,33,83,0.3,0.700502512562814,0.18181818181818182,33,995,1,80,-3.759899497487437
8.152173913043478,65,199,10,83,0.4,0.7527638190954774,0.18775510204081633,21,995,9,59,-6.274170854271357
8.557692307692308,30,60,0,83,0.5,0.4472361809045226,0.8907103825136612,49,995,1,14,-2.718994974874372
8.775510204081632,27,63,0,83,0.6,0.4321608040201005,0.8882978723404256,77,995,2,13,-2.4362814070351755
8.44,6,46,1,84,0.1,0.21105527638190955,0.425,67,91,0,137,-0.2222110552763818
5.371900826446281,29,285,38,84,0.2,0.6522613065326633,0.17391304347826086,66,995,5,141,-2.5791959798994974
6.861386138613861,42,244,21,84,0.3,0.6954773869346733,0.19205298013245034,55,995,8,87,-3.933969849246231
7.695652173913044,50,209,9,84,0.4,0.7105527638190955,0.27177700348432055,70,995,3,47,-4.709246231155778
8.842857142857143,42,110,1,84,0.5,0.6211055276381909,0.7074468085106383,30,995,5,26,-3.9485427135678393
8.980392156862745,31,59,0,84,0.6,0.46030150753768845,0.8899253731343284,11,995,0,7,-2.817889447236181
7.333333333333333,0,29,0,85,0.1,0.13266331658291458,0.5245901639344263,75,67,5,177,0.3262311557788945
6.192982456140351,41,247,30,85,0.2,0.7085427135678392,0.1453287197231834,28,995,2,135,-3.744522613065326
6.485981308411215,38,241,17,85,0.3,0.6964824120603015,0.19933554817275748,72,995,9,96,-3.5486432160804022
6.94,45,251,20,85,0.4,0.6964824120603015,0.16611295681063123,39,995,2,62,-4.1959798994974875
9.818181818181818,25,56,0,85,0.5,0.43316582914572865,0.9005328596802842,44,995,2,12,-2.232361809045226
8.891304347826088,32,53,0,85,0.6,0.4100502512562814,0.909556313993174,45,995,2,11,-2.9374874371859296
5.090909090909091,0,16,1,86,0.1,0.05628140703517588,0.7288135593220338,61,21,2,187,0.34703517587939703
5.3418803418803416,27,250,38,86,0.2,0.6261306532663317,0.17491749174917492,53,905,5,155,-2.3673366834170855
6.841584158415841,34,246,28,86,0.3,0.6934673366834171,0.19078947368421054,56,995,5,87,-3.1027135678391957
7.815217391304348,43,223,11,86,0.4,0.721608040201005,0.19202898550724637,59,995,7,49,-4.048241206030151
9.217391304347826,27,53,0,86,0.5,0.42512562814070354,0.9071803852889667,40,995,3,16,-2.4383919597989947
9.591836734693878,37,59,0,86,0.6,0.471356783919598,0.8876190476190476,61,995,3,5,-3.4517587939698493
7.923076923076923,6,43,1,87,0.1,0.207035175879397,0.4266666666666667,84,38,4,150,-0.2688442211055274
5.722689075630252,34,263,21,87,0.2,0.6834170854271356,0.1624203821656051,81,995,9,116,-3.121105527638191
6.490384615384615,46,250,20,87,0.3,0.6773869346733669,0.21875,58,995,7,87,-4.326030150753769
7.489583333333333,39,224,14,87,0.4,0.721608040201005,0.18840579710144928,36,995,5,54,-3.6241206030150748
8.819444444444445,34,131,0,87,0.5,0.6381909547738693,0.6350974930362117,48,995,5,24,-3.149748743718593
8.707692307692307,32,96,0,87,0.6,0.5678391959798995,0.7762237762237763,53,995,4,18,-2.954472361809045
6.913043478260869,1,31,0,88,0.1,0.15879396984924624,0.515625,79,23,1,175,0.26381909547738697
6.1454545454545455,34,271,52,88,0.2,0.6793969849246231,0.14779874213836477,58,995,4,162,-3.0693467336683415
7.427083333333333,39,234,17,88,0.3,0.7135678391959799,0.176056338028169,58,995,10,64,-3.6530653266331656
7.5,44,227,14,88,0.4,0.7085427135678392,0.21453287197231835,20,995,2,60,-4.09859296482412
8.204819277108435,43,166,7,88,0.5,0.6834170854271356,0.4713375796178344,61,995,7,51,-4.065929648241206
9.408163265306122,40,53,0,88,0.6,0.46331658291457284,0.900562851782364,27,995,3,6,-3.755477386934673
6.083333333333333,9,75,11,89,0.1,0.2201005025125628,0.27884615384615385,51,212,2,176,-0.5415075376884422
5.810344827586207,27,270,29,89,0.2,0.6743718592964824,0.16408668730650156,59,995,6,137,-2.372462311557789
6.710280373831775,55,231,20,89,0.3,0.7206030150753768,0.16606498194945848,29,995,3,94,-5.184723618090452
7.7032967032967035,46,219,15,89,0.4,0.7035175879396985,0.25510204081632654,49,995,7,62,-4.348341708542713
7.444444444444445,31,71,0,89,0.5,0.4030150753768844,0.8802698145025295,39,995,1,21,-2.817889447236181
8.403508771929825,29,69,0,89,0.6,0.48040201005025124,0.8662790697674418,79,995,4,8,-2.6545728643216076
8.0,2,17,0,90,0.1,0.1035175879396985,0.6382978723404256,61,18,2,134,0.1490452261306534
5.221153846153846,21,249,37,90,0.2,0.5457286432160804,0.17,68,804,3,157,-1.761005025125628
6.619047619047619,33,247,30,90,0.3,0.6974874371859296,0.17666666666666667,31,995,8,100,-3.037386934673367
7.422680412371134,50,218,6,90,0.4,0.721608040201005,0.21014492753623187,23,995,3,51,-4.710351758793969
7.6716417910447765,36,114,5,90,0.5,0.5155778894472361,0.762993762993763,61,995,3,28,-3.33608040201005
9.56,28,62,0,90,0.6,0.48040201005025124,0.8798449612403101,23,995,4,0,-2.5587939698492463
7.473684210526316,4,33,2,91,0.1,0.14271356783919598,0.49230769230769234,80,32,4,139,-0.07396984924623105
5.595041322314049,32,266,33,91,0.2,0.6793969849246231,0.15286624203821655,52,989,7,152,-2.897788944723618
6.6826923076923075,46,243,23,91,0.3,0.6974874371859296,0.19,11,995,3,102,-4.280201005025125
7.752688172043011,36,222,10,91,0.4,0.7236180904522613,0.1897810218978102,37,995,3,48,-3.301608040201005
8.63013698630137,43,136,1,91,0.5,0.6331658291457286,0.6263736263736264,50,995,2,33,-4.0189949748743725
9.18867924528302,30,61,0,91,0.6,0.4894472361809045,0.8796844181459567,81,995,0,10,-2.7160804020100504
6.083333333333333,3,46,9,92,0.1,0.14673366834170853,0.4457831325301205,64,82,1,231,0.06381909547738708
6.127272727272727,27,263,34,92,0.2,0.6763819095477387,0.1806853582554517,64,995,8,144,-2.4110552763819095
6.876190476190477,48,221,16,92,0.3,0.7246231155778895,0.19047619047619047,34,995,5,88,-4.502110552763819
7.40625,42,226,6,92,0.4,0.7135678391959799,0.20422535211267606,35,995,4,41,-3.9209045226130654
8.385714285714286,35,130,1,92,0.5,0.5889447236180905,0.6813725490196079,42,995,8,29,-3.282110552763819
9.098039215686274,34,59,0,92,0.6,0.4663316582914573,0.8886792452830189,54,995,2,6,-3.141206030150754
5.066666666666666,2,26,4,93,0.1,0.0763819095477387,0.4090909090909091,35,58,0,223,0.17195979899497502
5.64957264957265,35,270,43,93,0.2,0.6633165829145728,0.1509433962264151,56,960,5,145,-3.16964824120603
6.782178217821782,43,257,34,93,0.3,0.6864321608040201,0.17363344051446947,43,994,5,112,-4.000402010050251
8.397727272727273,47,216,15,93,0.4,0.7417085427135678,0.15625,62,995,6,47,-4.437788944723619
8.754716981132075,37,71,0,93,0.5,0.4663316582914573,0.8660377358490566,29,995,4,25,-3.4468341708542707
8.886363636363637,26,52,0,93,0.6,0.39195979899497485,0.9139072847682119,65,995,0,11,-2.32
7.666666666666667,3,24,0,94,0.1,0.13869346733668342,0.4,49,31,3,174,0.04130653266331674
6.035714285714286,42,271,34,94,0.2,0.6793969849246231,0.14779874213836477,65,995,7,133,-3.910050251256281
6.980392156862745,43,239,20,94,0.3,0.714572864321608,0.15547703180212014,54,995,5,85,-4.006130653266331
7.891304347826087,44,210,5,94,0.4,0.7296482412060301,0.21641791044776118,59,995,7,56,-4.145226130653266
8.070588235294117,47,167,4,94,0.5,0.6884422110552764,0.459546925566343,109,995,3,46,-4.423919597989949
9.826086956521738,25,52,0,94,0.6,0.4542713567839196,0.9040590405904059,41,995,2,9,-2.231256281407035
6.214285714285714,7,68,10,95,0.1,0.1748743718592965,0.37037037037037035,66,163,1,197,-0.33718592964824107
6.150442477876106,44,243,25,95,0.2,0.6964824120603015,0.19269102990033224,67,995,11,136,-4.145125628140703
6.852941176470588,38,246,19,95,0.3,0.7015075376884422,0.16891891891891891,42,995,8,77,-3.5335678391959795
7.484210526315789,45,220,10,95,0.4,0.7135678391959799,0.22535211267605634,55,995,9,53,-4.266432160804021
8.4375,44,156,3,95,0.5,0.6773869346733669,0.5125,43,995,7,26,-4.169447236180905
9.076923076923077,27,66,1,95,0.6,0.4743718592964824,0.8735632183908046,55,995,0,10,-2.4176884422110554
7.7272727272727275,4,46,5,96,0.1,0.1708542713567839,0.38666666666666666,38,154,0,164,-0.02140703517587935
5.325,28,306,66,96,0.2,0.6412060301507537,0.1404494382022472,75,995,6,179,-2.489748743718593
6.711538461538462,41,240,28,96,0.3,0.700502512562814,0.1919191919191919,41,995,4,114,-3.7962814070351762
7.009803921568627,40,232,12,96,0.4,0.7175879396984924,0.17142857142857143,54,995,4,74,-3.7143718592964823
8.091954022988507,37,182,6,96,0.5,0.7055276381909548,0.3767123287671233,65,995,11,34,-3.505326633165829
8.96078431372549,32,63,0,96,0.6,0.4592964824120603,0.88268156424581,64,995,3,9,-2.947939698492462
7.111111111111111,6,48,6,97,0.1,0.192964824120603,0.38461538461538464,68,101,2,202,-0.24231155778894456
5.892857142857143,29,283,51,97,0.2,0.6613065326633166,0.15773809523809523,73,992,5,152,-2.5804020100502507
6.4036697247706424,39,244,20,97,0.3,0.700502512562814,0.17845117845117844,25,995,10,94,-3.652160804020101
7.232323232323233,51,225,12,97,0.4,0.7185929648241206,0.1935483870967742,50,995,4,56,-4.821507537688442
8.0,48,158,4,97,0.5,0.6834170854271356,0.4968152866242038,44,995,7,44,-4.5711557788944726
9.183673469387756,32,63,0,97,0.6,0.45226130653266333,0.8841911764705882,47,995,0,7,-2.9199999999999995
6.5,0,19,4,98,0.1,0.06532663316582915,0.32142857142857145,28,15,2,181,0.3517587939698493
6.044642857142857,42,267,37,98,0.2,0.6793969849246231,0.16037735849056603,61,995,7,135,-3.8931658291457283
6.6380952380952385,48,234,24,98,0.3,0.700502512562814,0.21212121212121213,85,995,6,102,-4.504422110552763
7.752688172043011,47,220,8,98,0.4,0.7226130653266332,0.2,26,995,1,51,-4.394673366834171
9.26923076923077,37,68,0,98,0.5,0.4844221105527638,0.8671875,38,995,0,8,-3.413266331658291
8.9,34,61,0,98,0.6,0.4452261306532663,0.8892921960072595,21,995,1,6,-3.1338693467336682
6.7894736842105265,4,34,0,99,0.1,0.12964824120603016,0.4426229508196721,57,47,3,209,-0.054070351758793836
5.298387096774194,39,290,59,99,0.2,0.6592964824120603,0.1394658753709199,50,988,3,180,-3.5565829145728642
7.5473684210526315,44,233,28,99,0.3,0.7195979899497488,0.1618705035971223,53,995,7,99,-4.124924623115577
7.377777777777778,43,197,13,99,0.4,0.6663316582914572,0.40483383685800606,60,995,5,60,-4.029648241206031
8.104651162790697,44,181,6,99,0.5,0.699497487437186,0.3926174496644295,20,995,3,37,-4.126834170854271
9.254901960784315,41,59,0,99,0.6,0.4733668341708543,0.887189292543021,64,995,3,9,-3.8504522613065326
