prop_manual,n_RtI,n_emergency,prop_rejected_RtI,avg_len_man,state_warnings,rock_warnings,puddle_warnings,crashes,skids,utility,n_exp,pr_rock
0.10452261306532663,17,0,0.6851851851851852,8.666666666666666,248,13,72,2,1,0.17417085427135684,0,0.05
0.135678391959799,41,4,0.4675324675324675,5.869565217391305,231,81,63,1,2,0.2574874371859297,0,0.1
0.6884422110552764,254,27,0.1779935275080906,6.236363636363636,103,995,79,28,8,-2.51678391959799,0,0.2
0.6954773869346733,242,25,0.1986754966887417,6.728155339805825,99,995,57,39,4,-3.594874371859296,0,0.3
0.7306532663316583,227,8,0.149812734082397,8.284090909090908,31,995,30,42,4,-3.924020100502512,0,0.4
0.13768844221105528,23,0,0.5576923076923077,8.5625,229,18,65,1,1,0.27447236180904533,1,0.05
0.03919597989949749,11,0,0.5769230769230769,6.5,219,24,30,0,1,0.3646231155778895,1,0.1
0.6582914572864321,274,49,0.19174041297935104,5.857142857142857,154,995,22,25,7,-2.1968844221105526,1,0.2
0.6894472361809045,254,28,0.17532467532467533,6.542857142857143,105,995,17,42,3,-3.8881407035175877,1,0.3
0.7095477386934673,228,15,0.20833333333333334,7.51063829787234,73,995,53,40,2,-3.6995979899497486,1,0.4
0.11155778894472362,30,2,0.47368421052631576,7.4,264,15,65,3,1,0.07417085427135693,2,0.05
0.054271356783919596,15,0,0.375,7.714285714285714,211,50,16,1,1,0.26321608040201017,2,0.1
0.678391959798995,267,36,0.16300940438871472,6.201834862385321,116,995,45,27,9,-2.4193969849246226,2,0.2
0.6914572864321608,256,30,0.16339869281045752,6.151785714285714,117,995,49,32,8,-2.927336683417085,2,0.3
0.7336683417085427,207,13,0.2159090909090909,8.213483146067416,54,995,18,59,4,-5.617286432160803,2,0.4
0.033165829145728645,9,1,0.5,5.5,192,18,20,0,0,0.37889447236180906,3,0.05
0.14673366834170853,33,1,0.5074626865671642,7.684210526315789,123,12,77,1,2,0.2537688442211056,3,0.1
0.650251256281407,294,54,0.1378299120234604,5.192,204,987,22,34,6,-3.0865326633165826,3,0.2
0.714572864321608,237,18,0.1625441696113074,6.79047619047619,93,995,54,52,9,-4.947437185929648,3,0.3
0.7226130653266332,220,10,0.2,7.578947368421052,60,995,37,53,6,-5.03286432160804,3,0.4
0.04522613065326633,12,0,0.6129032258064516,5.0,211,12,33,0,2,0.35909547738693476,4,0.05
0.14472361809045226,31,1,0.5507246376811594,6.857142857142857,193,19,72,2,3,0.14643216080402022,4,0.1
0.6130653266331658,221,36,0.13671875,6.431578947368421,136,779,75,30,7,-2.7026130653266325,4,0.2
0.7085427135678392,244,27,0.15570934256055363,7.431578947368421,83,995,49,42,3,-3.880502512562814,4,0.3
0.7246231155778895,226,8,0.17216117216117216,7.36734693877551,60,995,60,44,1,-4.084924623115578,4,0.4
0.0814070351758794,22,2,0.6716417910447762,7.363636363636363,254,12,89,1,0,0.2814070351758795,5,0.05
0.1527638190954774,47,3,0.4777777777777778,5.846153846153846,167,100,69,6,3,-0.2588944723618089,5,0.1
0.6532663316582915,276,48,0.1686746987951807,5.2926829268292686,167,967,55,30,6,-2.6766834170854272,5,0.2
0.7336683417085427,220,11,0.16666666666666666,7.705263157894737,70,995,53,56,7,-5.32251256281407,5,0.3
0.7296482412060301,227,8,0.15298507462686567,7.73404255319149,43,994,43,45,4,-4.217889447236181,5,0.4
0.1507537688442211,31,0,0.5230769230769231,7.142857142857143,184,11,75,1,2,0.26623115577889456,6,0.05
0.16984924623115577,42,2,0.46835443037974683,6.035714285714286,171,87,69,6,3,-0.25567839195979875,6,0.1
0.6613065326633166,277,44,0.17559523809523808,5.576271186440678,157,995,51,26,5,-2.2717587939698487,6,0.2
0.7175879396984924,220,18,0.21428571428571427,6.951456310679611,103,995,68,44,10,-4.153366834170854,6,0.3
0.7386934673366834,211,8,0.18532818532818532,8.0,45,995,48,49,6,-4.644020100502513,6,0.4
0.1035175879396985,17,0,0.6530612244897959,6.866666666666666,260,19,59,1,2,0.2639195979899498,7,0.05
0.01407035175879397,5,1,0.375,7.0,152,18,7,0,0,0.3710552763819096,7,0.1
0.6582914572864321,233,36,0.19377162629757785,6.55,114,915,75,36,7,-3.306231155778894,7,0.2
0.6874371859296482,251,23,0.19032258064516128,6.7254901960784315,84,995,22,36,3,-3.276281407035176,7,0.3
0.7195979899497488,220,11,0.20863309352517986,7.5473684210526315,54,995,64,56,4,-5.324623115577889,7,0.4
0.1407035175879397,29,1,0.5735294117647058,6.666666666666667,246,24,78,0,1,0.37396984924623117,8,0.05
0.10150753768844221,28,0,0.46153846153846156,7.769230769230769,188,31,64,2,1,0.15909547738693475,8,0.1
0.6623115577889447,275,47,0.1791044776119403,5.689655172413793,145,972,72,31,5,-2.7751758793969845,8,0.2
0.7115577889447237,224,12,0.21678321678321677,7.385416666666667,64,995,64,42,5,-3.908643216080402,8,0.3
0.7035175879396985,214,9,0.272108843537415,7.7032967032967035,56,995,46,40,11,-3.783115577889447,8,0.4
0.10854271356783919,24,0,0.5932203389830508,7.2,282,19,55,0,2,0.3694472361809045,9,0.05
0.19095477386934673,53,9,0.39080459770114945,6.161290322580645,169,101,72,4,1,-0.037788944723618,9,0.1
0.6743718592964824,278,38,0.1393188854489164,5.570247933884297,147,995,56,27,8,-2.394874371859296,9,0.2
0.7075376884422111,239,20,0.17586206896551723,6.98019801980198,87,995,60,33,6,-3.002412060301507,9,0.3
0.7256281407035176,228,12,0.16176470588235295,7.541666666666667,55,995,55,53,8,-5.065226130653266,9,0.4
0.07738693467336684,20,2,0.6153846153846154,5.5,245,18,57,0,1,0.3743718592964825,10,0.05
0.1577889447236181,27,0,0.578125,7.136363636363637,177,31,73,6,7,-0.29497487437185904,10,0.1
0.6914572864321608,244,29,0.20261437908496732,7.252631578947368,96,995,37,33,6,-2.984623115577889,10,0.2
0.7135678391959799,232,12,0.18309859154929578,7.03960396039604,83,995,14,39,3,-3.588140703517588,10,0.3
0.7105527638190955,227,11,0.20905923344947736,7.151515151515151,54,995,58,44,2,-4.105527638190955,10,0.4
0.10954773869346733,22,0,0.6615384615384615,7.333333333333333,217,11,73,3,4,0.04321608040201011,11,0.05
0.021105527638190954,11,4,0.5,4.2,225,11,18,0,0,0.370854271356784,11,0.1
0.6673366834170854,271,52,0.1787878787878788,5.6752136752136755,179,995,20,37,8,-3.412562814070352,11,0.2
0.7125628140703517,236,19,0.17192982456140352,7.395833333333333,61,995,86,41,5,-3.8072361809045225,11,0.3
0.700502512562814,238,12,0.19865319865319866,6.833333333333333,74,995,48,39,6,-3.6226130653266333,11,0.4
0.12060301507537688,29,1,0.49122807017543857,8.0,240,41,56,2,4,0.1455276381909549,12,0.05
0.21206030150753769,70,9,0.2222222222222222,6.0285714285714285,219,149,52,8,6,-0.4819095477386933,12,0.1
0.6452261306532663,294,51,0.16477272727272727,5.487179487179487,158,995,45,27,5,-2.3799999999999994,12,0.2
0.7035175879396985,244,19,0.17006802721088435,7.08080808080808,75,995,31,35,6,-3.2078391959798997,12,0.3
0.7195979899497488,209,8,0.24820143884892087,7.793478260869565,45,995,46,49,2,-4.599798994974875,12,0.4
0.09246231155778895,17,0,0.7166666666666667,7.076923076923077,322,17,65,0,1,0.3797989949748744,13,0.05
0.1678391959798995,47,4,0.43373493975903615,6.958333333333333,190,82,78,4,4,-0.06613065326633152,13,0.1
0.7015075376884422,252,27,0.14576271186440679,6.297297297297297,121,994,19,30,8,-2.698492462311558,13,0.2
0.7055276381909548,218,19,0.2534246575342466,7.173469387755102,103,995,75,41,9,-3.8416080402010047,13,0.3
0.7035175879396985,209,11,0.2891156462585034,7.876404494382022,50,995,58,56,3,-5.317487437185929,13,0.4
0.04221105527638191,9,0,0.4375,7.0,277,19,15,0,1,0.37678391959798996,14,0.05
0.12261306532663317,26,0,0.5185185185185185,6.1,191,13,64,3,4,0.03195979899497502,14,0.1
0.650251256281407,287,49,0.16326530612244897,5.626086956521739,159,988,59,31,7,-2.7980904522613064,14,0.2
0.6824120603015076,258,30,0.18095238095238095,6.415094339622642,97,995,56,30,4,-2.6946733668341705,14,0.3
0.7537688442211056,206,9,0.1557377049180328,8.438202247191011,42,995,52,51,2,-4.795276381909549,14,0.4
0.09045226130653267,21,0,0.5531914893617021,7.076923076923077,261,12,52,1,2,0.2655276381909549,15,0.05
0.1577889447236181,44,4,0.46987951807228917,5.814814814814815,166,45,81,1,4,0.23417085427135684,15,0.1
0.6603015075376885,245,33,0.1694915254237288,6.336538461538462,113,921,60,33,10,-3.028643216080402,15,0.2
0.6974874371859296,240,16,0.2,7.02020202020202,80,995,54,46,5,-4.311859296482411,15,0.3
0.6984924623115578,226,17,0.24414715719063546,7.091836734693878,76,995,76,48,4,-4.5229145728643205,15,0.4
0.11256281407035176,28,0,0.5409836065573771,7.466666666666667,221,24,68,1,0,0.2858291457286433,16,0.05
0.10854271356783919,41,10,0.32786885245901637,6.75,211,85,45,3,2,0.05628140703517599,16,0.1
0.6844221105527638,267,38,0.14696485623003194,5.879310344827586,149,995,50,26,7,-2.295577889447236,16,0.2
0.6924623115577889,260,29,0.14754098360655737,6.699029126213592,96,995,41,40,3,-3.6841206030150753,16,0.3
0.7175879396984924,232,22,0.17142857142857143,7.0,88,995,44,46,7,-4.34321608040201,16,0.4
0.1407035175879397,30,0,0.5454545454545454,7.0,234,13,76,0,1,0.3789949748743719,17,0.05
0.10653266331658291,25,1,0.4318181818181818,6.6875,151,44,54,4,2,-0.04582914572864301,17,0.1
0.6964824120603015,261,27,0.132890365448505,6.087719298245614,136,995,63,40,10,-3.7288442211055273,17,0.2
0.6984924623115578,225,23,0.22145328719723184,6.891089108910891,102,976,59,45,3,-4.1792964824120595,17,0.3
0.7125628140703517,236,14,0.17192982456140352,7.309278350515464,66,995,15,49,1,-4.591658291457287,17,0.4
0.062311557788944726,21,2,0.5227272727272727,5.166666666666667,323,11,47,3,1,0.07206030150753787,18,0.05
0.14271356783919598,34,2,0.47692307692307695,7.473684210526316,176,25,67,4,1,-0.03306532663316566,18,0.1
0.6562814070351759,288,64,0.15542521994134897,5.728070175438597,178,995,37,40,1,-3.633768844221105,18,0.2
0.6874371859296482,262,22,0.15483870967741936,6.523809523809524,87,995,67,29,7,-2.6225125628140704,18,0.3
0.7165829145728643,227,14,0.19217081850533807,7.212121212121212,65,995,53,47,6,-4.434974874371859,18,0.4
0.13869346733668342,27,0,0.6086956521739131,7.2631578947368425,266,19,71,2,2,0.17105527638190965,19,0.05
0.09346733668341708,26,2,0.48,6.642857142857143,253,29,52,2,2,0.15628140703517598,19,0.1
0.7025125628140704,255,34,0.13559322033898305,6.149122807017544,137,995,46,41,5,-3.781507537688442,19,0.2
0.7015075376884422,246,17,0.16891891891891891,6.647619047619048,93,995,50,35,3,-3.181206030150754,19,0.3
0.7396984924623116,214,10,0.17054263565891473,8.188888888888888,57,995,62,46,3,-4.308241206030151,19,0.4
0.10251256281407035,26,4,0.6285714285714286,6.375,239,25,68,0,2,0.36683417085427134,20,0.05
0.2,32,0,0.5294117647058824,8.695652173913043,144,13,80,4,3,-0.053567839195979794,20,0.1
0.6904522613065327,259,32,0.1563517915309446,6.097345132743363,117,995,44,29,5,-2.5728643216080402,20,0.2
0.7025125628140704,233,18,0.21016949152542372,7.0,72,995,61,39,2,-3.566231155778894,20,0.3
0.7276381909547739,208,11,0.22962962962962963,7.880434782608695,62,995,61,49,6,-4.641809045226131,20,0.4
0.09246231155778895,23,0,0.54,7.076923076923077,266,20,57,2,3,0.15628140703517598,21,0.05
0.1487437185929648,40,7,0.4117647058823529,6.434782608695652,202,42,68,5,3,-0.15678391959798985,21,0.1
0.6804020100502512,264,38,0.14838709677419354,6.277777777777778,130,976,52,40,3,-3.657286432160804,21,0.2
0.6844221105527638,256,33,0.17684887459807075,6.089285714285714,123,992,27,39,6,-3.6141708542713564,21,0.3
0.7336683417085427,210,9,0.20454545454545456,7.860215053763441,51,995,14,53,5,-5.0321608040201005,21,0.4
0.09949748743718594,24,4,0.5555555555555556,7.142857142857143,207,19,62,2,2,0.16070351758793985,22,0.05
0.15477386934673368,40,4,0.47368421052631576,7.045454545454546,208,51,75,4,2,-0.04532663316582903,22,0.1
0.6663316582914572,288,54,0.1299093655589124,5.579831932773109,163,990,55,37,4,-3.3617085427135676,22,0.2
0.7165829145728643,239,18,0.1494661921708185,7.3061224489795915,81,995,47,41,5,-3.806532663316583,22,0.3
0.714572864321608,227,9,0.1978798586572438,8.0,40,995,54,44,4,-4.121608040201005,22,0.4
0.10150753768844221,22,4,0.4883720930232558,7.846153846153846,300,16,48,2,2,0.16552763819095484,23,0.05
0.15678391959798996,30,1,0.5161290322580645,7.428571428571429,148,38,80,2,4,0.13035175879396996,23,0.1
0.6673366834170854,267,48,0.18098159509202455,6.110091743119266,138,988,59,35,3,-3.161005025125628,23,0.2
0.7286432160804021,217,10,0.19330855018587362,7.494845360824742,53,995,71,34,10,-3.159195979899497,23,0.3
0.6974874371859296,227,20,0.24333333333333335,7.091836734693878,74,995,19,58,2,-5.505226130653266,23,0.4
0.07738693467336684,17,0,0.5277777777777778,7.7,264,30,35,0,0,0.38723618090452266,24,0.05
0.13266331658291458,37,5,0.4861111111111111,6.285714285714286,244,63,51,2,1,0.16924623115577905,24,0.1
0.6613065326633166,281,50,0.1636904761904762,5.681034482758621,171,995,46,33,3,-2.9509547738693467,24,0.2
0.7246231155778895,228,19,0.16483516483516483,7.088235294117647,91,995,45,52,6,-4.916482412060301,24,0.3
0.7246231155778895,218,7,0.20146520146520147,7.8478260869565215,54,995,53,46,7,-4.351155778894472,24,0.4
0.08341708542713568,20,1,0.5652173913043478,6.384615384615385,245,17,54,2,1,0.17497487437185943,25,0.05
0.16683417085427135,38,2,0.45714285714285713,6.916666666666667,169,12,87,3,2,0.052060301507537786,25,0.1
0.6984924623115578,234,23,0.19863013698630136,6.891089108910891,92,987,11,34,8,-3.1124623115577887,25,0.2
0.7195979899497488,230,15,0.17266187050359713,7.46875,67,995,44,42,3,-3.8860301507537685,25,0.3
0.7266331658291457,211,9,0.22140221402214022,7.78494623655914,51,995,33,53,4,-5.028542713567838,25,0.4
0.09547738693467336,20,0,0.6363636363636364,7.3076923076923075,247,15,56,1,1,0.27778894472361815,26,0.05
0.10150753768844221,29,5,0.42,6.733333333333333,166,30,47,5,0,-0.13115577889447225,26,0.1
0.6361809045226131,244,37,0.1643835616438356,5.660714285714286,158,896,64,29,5,-2.5749748743718586,26,0.2
0.6844221105527638,255,35,0.1853035143769968,6.495238095238095,109,995,52,35,8,-3.2364824120603015,26,0.3
0.6462311557788945,204,18,0.4188034188034188,7.247191011235955,60,995,36,49,2,-4.607839195979898,26,0.4
0.0864321608040201,17,1,0.6964285714285714,6.6923076923076925,226,20,56,3,4,0.03859296482412079,27,0.05
0.21407035175879396,80,10,0.2523364485981308,5.461538461538462,139,230,46,7,2,-0.3442211055276382,27,0.1
0.6703517587939698,274,49,0.1620795107033639,5.352,164,995,39,35,7,-3.1994974874371853,27,0.2
0.6984924623115578,241,32,0.17465753424657535,7.03030303030303,98,970,70,40,5,-3.702211055276382,27,0.3
0.700502512562814,206,9,0.3063973063973064,7.505376344086022,56,995,59,50,4,-4.730653266331658,27,0.4
0.10653266331658291,22,0,0.6615384615384615,5.888888888888889,271,18,73,1,3,0.2545728643216081,28,0.05
0.08241206030150754,17,1,0.41379310344827586,7.454545454545454,166,45,25,3,0,0.0768844221105529,28,0.1
0.6824120603015076,261,45,0.17142857142857143,6.126126126126126,139,995,65,30,7,-2.698693467336683,28,0.2
0.7035175879396985,236,19,0.19727891156462585,6.613207547169812,87,995,59,41,5,-3.8088442211055273,28,0.3
0.7296482412060301,219,7,0.1828358208955224,8.077777777777778,42,995,8,35,8,-3.2530653266331657,28,0.4
0.10854271356783919,27,4,0.5263157894736842,7.714285714285714,249,24,53,0,1,0.3779899497487438,29,0.05
0.12864321608040202,31,0,0.48333333333333334,6.7368421052631575,160,35,70,2,0,0.17236180904522622,29,0.1
0.6773869346733669,279,40,0.128125,5.810344827586207,137,995,59,30,2,-2.640904522613065,29,0.2
0.6954773869346733,244,35,0.19205298013245034,7.382978723404255,93,995,35,32,6,-2.906532663316583,29,0.3
0.7085427135678392,237,8,0.17993079584775087,7.204081632653061,56,995,45,49,4,-4.624522613065326,29,0.4
0.14472361809045226,28,0,0.5692307692307692,8.0,202,13,83,2,3,0.15125628140703523,30,0.05
0.0763819095477387,20,1,0.6226415094339622,7.6,239,19,60,4,1,-0.04211055276381899,30,0.1
0.6733668341708543,249,29,0.17275747508305647,6.222222222222222,127,954,80,30,5,-2.6739698492462307,30,0.2
0.7326633165829146,219,10,0.17358490566037735,7.087378640776699,70,995,45,51,9,-4.842110552763819,30,0.3
0.7185929648241206,207,10,0.25806451612903225,8.044943820224718,51,995,35,47,0,-4.3766834170854265,30,0.4
0.11658291457286432,24,0,0.6307692307692307,7.25,233,12,71,1,0,0.2891457286432162,31,0.05
0.14773869346733667,37,2,0.32727272727272727,6.7272727272727275,193,46,62,3,5,0.024422110552763974,31,0.1
0.6793969849246231,269,44,0.14603174603174604,6.108108108108108,133,988,92,25,10,-2.229949748743719,31,0.2
0.6944723618090453,252,23,0.16831683168316833,6.537735849056604,99,994,32,36,5,-3.2919597989949745,31,0.3
0.7095477386934673,227,8,0.21180555555555555,7.07,64,995,64,44,4,-4.118793969849246,31,0.4
0.11959798994974874,30,0,0.4915254237288136,6.611111111111111,203,13,81,1,3,0.2538693467336684,32,0.05
0.1185929648241206,34,3,0.48484848484848486,6.9411764705882355,174,60,57,1,0,0.27206030150753774,32,0.1
0.6633165829145728,282,42,0.15060240963855423,5.508333333333334,153,990,55,30,4,-2.665125628140703,32,0.2
0.7075376884422111,236,21,0.18620689655172415,6.911764705882353,98,995,31,37,7,-3.4161809045226126,32,0.3
0.7256281407035176,224,11,0.17647058823529413,7.463917525773196,62,995,52,43,6,-4.03537688442211,32,0.4
0.0964824120603015,23,0,0.6349206349206349,6.857142857142857,266,13,81,2,3,0.15306532663316597,33,0.05
0.10653266331658291,26,1,0.5,5.888888888888889,209,18,57,1,1,0.26241206030150754,33,0.1
0.6633165829145728,278,51,0.16766467065868262,5.508333333333334,164,995,44,44,7,-4.101306532663316,33,0.2
0.6974874371859296,251,22,0.16333333333333333,6.318181818181818,109,995,66,48,5,-4.509346733668343,33,0.3
0.7226130653266332,222,12,0.19272727272727272,7.912087912087912,60,995,85,46,7,-4.3504522613065335,33,0.4
0.09547738693467336,25,3,0.45652173913043476,5.9375,333,13,47,0,2,0.3672361809045227,34,0.05
0.11959798994974874,32,0,0.41818181818181815,7.0,219,18,57,1,2,0.26301507537688446,34,0.1
0.6763819095477387,266,35,0.16875,5.760683760683761,142,993,14,30,7,-2.700301507537689,34,0.2
0.6924623115577889,253,26,0.17049180327868851,6.634615384615385,101,995,56,44,4,-4.090050251256281,34,0.3
0.7366834170854272,213,4,0.1839080459770115,8.235955056179776,42,995,50,49,6,-4.646331658291457,34,0.4
0.08844221105527639,19,0,0.6481481481481481,6.285714285714286,346,19,57,1,1,0.2764824120603016,35,0.05
0.12663316582914572,28,0,0.46153846153846156,7.0,169,11,57,2,2,0.1528643216080403,35,0.1
0.6542713567839196,293,55,0.1457725947521866,5.533898305084746,175,995,59,29,3,-2.5589949748743717,35,0.2
0.7065326633165829,241,25,0.1718213058419244,6.518518518518518,113,995,42,44,6,-4.104321608040201,35,0.3
0.7105527638190955,219,9,0.23693379790940766,7.78021978021978,59,995,46,42,8,-3.959899497487437,35,0.4
0.14371859296482412,30,0,0.5714285714285714,7.15,200,18,93,2,2,0.16311557788944736,36,0.05
0.08241206030150754,19,2,0.4722222222222222,6.3076923076923075,218,14,37,1,3,0.2443216080402011,36,0.1
0.6914572864321608,273,36,0.10784313725490197,6.339449541284404,120,995,75,28,7,-2.4985929648241205,36,0.2
0.6914572864321608,251,33,0.17973856209150327,7.092783505154639,77,995,68,36,5,-3.302814070351759,36,0.3
0.7226130653266332,222,5,0.19272727272727272,7.589473684210526,41,995,69,47,5,-4.431658291457286,36,0.4
0.15678391959798996,39,4,0.4264705882352941,7.8,272,18,78,0,3,0.3553768844221106,37,0.05
0.13366834170854272,27,4,0.578125,7.0,176,41,60,6,3,-0.2583919597989949,37,0.1
0.7025125628140704,255,21,0.13559322033898305,6.0344827586206895,121,995,50,33,6,-2.981306532663316,37,0.2
0.6864321608040201,261,24,0.1607717041800643,6.392523364485982,102,995,62,46,4,-4.298190954773869,37,0.3
0.7055276381909548,230,13,0.21232876712328766,7.173469387755102,61,995,78,47,3,-4.413969849246231,37,0.4
0.1035175879396985,21,0,0.6037735849056604,6.866666666666666,293,20,63,3,2,0.07155778894472375,38,0.05
0.23015075376884422,56,2,0.3253012048192771,6.9393939393939394,164,92,74,5,4,-0.1673366834170852,38,0.1
0.6633165829145728,277,42,0.17065868263473055,5.64957264957265,150,988,69,29,5,-2.5814070351758795,38,0.2
0.6904522613065327,240,21,0.2182410423452769,6.207207207207207,100,995,45,41,4,-3.797185929648241,38,0.3
0.7155778894472362,219,18,0.22340425531914893,8.102272727272727,51,995,54,48,1,-4.49105527638191,38,0.4
0.10653266331658291,23,1,0.6349206349206349,8.153846153846153,226,39,60,2,1,0.1783919597989951,39,0.05
0.14170854271356784,62,19,0.2619047619047619,5.222222222222222,231,117,38,3,3,0.05135678391959816,39,0.1
0.6341708542713568,269,49,0.15673981191222572,5.592920353982301,168,920,69,33,7,-3.000502512562814,39,0.2
0.7195979899497488,236,21,0.1510791366906475,7.17,87,995,55,42,5,-3.9011055276381907,39,0.3
0.7376884422110552,215,5,0.17307692307692307,8.0,41,995,61,54,6,-5.139597989949748,39,0.4
0.09346733668341708,23,0,0.5964912280701754,6.642857142857143,258,11,60,1,2,0.26974874371859303,40,0.05
0.08241206030150754,14,0,0.5,8.2,209,18,30,3,3,0.0452261306532665,40,0.1
0.6824120603015076,256,27,0.1873015873015873,5.964912280701754,144,995,61,32,8,-2.9062311557788942,40,0.2
0.7065326633165829,223,21,0.23367697594501718,7.257731958762887,77,995,59,41,3,-3.7874371859296483,40,0.3
0.7115577889447237,231,15,0.19230769230769232,7.309278350515464,66,995,78,48,4,-4.532864321608041,40,0.4
0.09246231155778895,28,7,0.582089552238806,6.571428571428571,250,25,65,4,3,-0.049849246231155594,41,0.05
0.17587939698492464,50,4,0.34210526315789475,6.481481481481482,170,96,63,5,1,-0.13628140703517574,41,0.1
0.6412060301507537,273,45,0.16257668711656442,6.028301886792453,143,952,23,29,10,-2.6246231155778896,41,0.2
0.7095477386934673,235,15,0.1840277777777778,6.931372549019608,84,995,55,37,1,-3.3716582914572863,41,0.3
0.7195979899497488,222,12,0.2014388489208633,7.536842105263158,60,995,37,55,5,-5.238291457286432,41,0.4
0.12562814070351758,22,0,0.639344262295082,7.8125,228,12,70,1,2,0.26944723618090466,42,0.05
0.13366834170854272,24,0,0.5636363636363636,8.3125,206,12,71,2,6,0.11386934673366846,42,0.1
0.6492462311557788,300,64,0.13793103448275862,5.483050847457627,171,995,44,28,6,-2.488241206030151,42,0.2
0.7175879396984924,238,17,0.15,7.019607843137255,83,995,63,39,5,-3.6048241206030154,42,0.3
0.7185929648241206,230,19,0.17562724014336917,7.782608695652174,70,995,88,51,4,-4.8197989949748745,42,0.4
0.12361809045226131,23,2,0.6349206349206349,7.6875,220,12,77,2,2,0.1644221105527639,43,0.05
0.2150753768844221,51,5,0.33766233766233766,6.903225806451613,185,98,70,8,2,-0.44371859296482413,43,0.1
0.6793969849246231,261,46,0.1792452830188679,6.1454545454545455,146,995,69,31,4,-2.7682412060301504,43,0.2
0.7025125628140704,246,24,0.16610169491525423,7.216494845360825,82,995,62,39,6,-3.616381909547739,43,0.3
0.7155778894472362,237,13,0.1595744680851064,7.595744680851064,53,995,52,39,6,-3.6316582914572866,43,0.4
0.07939698492462312,24,2,0.52,6.666666666666667,279,12,63,1,1,0.2696482412060302,44,0.05
0.06934673366834171,17,2,0.5952380952380952,6.2727272727272725,212,11,45,1,1,0.26150753768844226,44,0.1
0.6683417085427136,268,47,0.18541033434650456,6.224299065420561,138,995,54,28,7,-2.4997989949748747,44,0.2
0.7085427135678392,241,24,0.16608996539792387,6.854368932038835,92,995,69,39,5,-3.598693467336683,44,0.3
0.721608040201005,217,3,0.213768115942029,7.731182795698925,45,995,52,36,6,-3.3355778894472365,44,0.4
0.054271356783919596,12,0,0.75,6.75,232,12,52,0,2,0.3642211055276382,45,0.05
0.17889447236180905,43,5,0.39436619718309857,6.846153846153846,186,60,60,3,1,0.06683417085427142,45,0.1
0.678391959798995,249,34,0.18360655737704917,5.982300884955753,145,972,46,34,2,-3.046934673366834,45,0.2
0.6894472361809045,247,24,0.19805194805194806,7.010204081632653,88,995,52,39,5,-3.5985929648241206,45,0.3
0.6864321608040201,255,22,0.18006430868167203,6.392523364485982,88,995,54,47,4,-4.4102512562814065,45,0.4
0.035175879396984924,8,0,0.38461538461538464,7.0,274,28,10,2,0,0.1836180904522614,46,0.05
0.07236180904522613,28,1,0.4716981132075472,4.0,273,35,59,1,2,0.25457286432160814,46,0.1
0.6522613065326633,253,32,0.19682539682539682,5.752212389380531,142,942,54,34,7,-3.091758793969849,46,0.2
0.7095477386934673,234,22,0.1875,7.214285714285714,83,995,51,43,5,-4.003417085427135,46,0.3
0.7226130653266332,214,7,0.22181818181818183,7.670212765957447,64,995,52,49,5,-4.619497487437186,46,0.4
0.05829145728643216,17,1,0.5853658536585366,4.833333333333333,308,13,43,0,1,0.37216080402010054,47,0.05
0.135678391959799,25,0,0.5370370370370371,7.9411764705882355,145,24,72,4,2,-0.044522613065326476,47,0.1
0.6673366834170854,277,55,0.1606060606060606,6.333333333333333,138,993,49,36,6,-3.2822110552763815,47,0.2
0.6974874371859296,242,29,0.19333333333333333,7.081632653061225,108,995,78,30,7,-2.721608040201005,47,0.3
0.7306532663316583,220,5,0.1760299625468165,7.817204301075269,59,995,38,44,1,-4.085125628140704,47,0.4
0.08442211055276382,21,2,0.6111111111111112,7.7272727272727275,282,12,57,1,2,0.2663316582914573,48,0.05
0.12361809045226131,34,2,0.5072463768115942,6.15,224,46,62,1,4,0.23477386934673375,48,0.1
0.6552763819095477,287,58,0.1608187134502924,5.441666666666666,175,995,34,41,5,-3.7716582914572867,48,0.2
0.714572864321608,227,13,0.1978798586572438,7.191919191919192,74,995,54,54,4,-5.099698492462311,48,0.3
0.7286432160804021,219,15,0.18587360594795538,7.552083333333333,87,995,18,54,4,-5.116884422110552,48,0.4
0.07939698492462312,19,0,0.6481481481481481,6.583333333333333,246,24,55,1,1,0.2750753768844223,49,0.05
0.13668341708542714,30,0,0.5454545454545454,6.85,148,25,70,2,4,0.13447236180904532,49,0.1
0.6472361809045226,296,64,0.1518624641833811,5.330578512396694,201,992,45,35,6,-3.1869346733668342,49,0.2
0.7095477386934673,231,19,0.19791666666666666,6.8076923076923075,89,995,10,40,6,-3.7178894472361805,49,0.3
0.7135678391959799,227,11,0.2007042253521127,7.40625,62,991,35,50,4,-4.7212060301507535,49,0.4
0.06834170854271357,17,0,0.6046511627906976,6.2727272727272725,260,11,45,1,1,0.2705527638190956,50,0.05
0.10753768844221105,25,2,0.4791666666666667,7.642857142857143,177,12,61,1,4,0.2299497487437186,50,0.1
0.7125628140703517,236,25,0.17192982456140352,6.69811320754717,109,995,59,35,7,-3.2038190954773866,50,0.2
0.6984924623115578,247,33,0.16835016835016836,6.95,103,991,20,39,3,-3.5748743718592966,50,0.3
0.7457286432160805,205,8,0.1865079365079365,8.164835164835164,59,995,61,52,6,-4.9333668341708545,50,0.4
0.01507537688442211,6,0,0.6,3.0,240,18,15,0,0,0.38010050251256283,51,0.05
0.18391959798994975,54,4,0.36470588235294116,6.535714285714286,179,86,76,4,2,-0.041507537688442134,51,0.1
0.6623115577889447,280,51,0.16417910447761194,5.314516129032258,178,995,13,41,4,-3.770050251256281,51,0.2
0.6874371859296482,258,28,0.16774193548387098,6.351851851851852,100,995,8,32,2,-2.872361809045226,51,0.3
0.7407035175879397,212,5,0.17509727626459143,7.935483870967742,52,995,27,46,2,-4.294271356783919,51,0.4
0.054271356783919596,15,0,0.5454545454545454,6.75,264,24,35,0,1,0.3733668341708543,52,0.05
0.15376884422110554,42,7,0.43243243243243246,6.954545454545454,171,72,65,4,1,-0.03718592964824115,52,0.1
0.6693467336683417,255,34,0.17207792207792208,5.558333333333334,152,972,38,30,6,-2.690050251256281,52,0.2
0.7226130653266332,231,11,0.16,7.5,73,995,48,40,4,-3.6940703517587945,52,0.3
0.7206030150753768,233,13,0.1588447653429603,7.18,76,995,46,69,3,-6.6121608040201,52,0.4
0.08844221105527639,22,2,0.6071428571428571,6.769230769230769,257,14,60,1,2,0.26381909547738697,53,0.05
0.15879396984924624,44,0,0.38028169014084506,6.36,142,39,73,6,1,-0.23788944723618077,53,0.1
0.6743718592964824,279,46,0.13622291021671826,5.6,153,995,66,33,7,-2.9944723618090445,53,0.2
0.7065326633165829,235,25,0.19243986254295534,6.96039603960396,91,995,31,45,5,-4.204020100502513,53,0.3
0.7266331658291457,214,4,0.21033210332103322,8.146067415730338,35,995,67,45,3,-4.206030150753769,53,0.4
0.08944723618090453,17,0,0.5526315789473685,7.416666666666667,244,15,48,1,0,0.2852261306532664,54,0.05
0.15879396984924624,39,4,0.48,6.583333333333333,251,48,77,1,1,0.26773869346733675,54,0.1
0.6743718592964824,253,48,0.16501650165016502,6.155963302752293,149,950,83,36,5,-3.2770854271356784,54,0.2
0.6974874371859296,238,23,0.19594594594594594,6.95,76,990,65,44,2,-4.0815075376884415,54,0.3
0.7095477386934673,228,14,0.20833333333333334,7.4526315789473685,57,995,49,49,3,-4.604120603015075,54,0.4
0.06030150753768844,15,1,0.7,6.0,310,17,53,1,2,0.26361809045226137,55,0.05
0.07537688442211055,26,6,0.3157894736842105,7.5,206,69,27,2,1,0.16713567839195986,55,0.1
0.6864321608040201,262,27,0.15755627009646303,6.275229357798165,121,995,47,38,3,-3.4569849246231152,55,0.2
0.7025125628140704,244,22,0.17288135593220338,7.0,93,995,56,44,6,-4.123015075376884,55,0.3
0.714572864321608,220,10,0.2226148409893993,7.34020618556701,59,995,97,40,5,-3.7289447236180906,55,0.4
0.036180904522613064,7,0,0.6666666666666666,6.0,275,12,23,0,2,0.3656281407035177,56,0.05
0.17688442211055277,44,3,0.4883720930232558,7.08,214,35,78,4,4,-0.06763819095477373,56,0.1
0.6723618090452261,277,43,0.1476923076923077,5.583333333333333,161,990,25,38,8,-3.501809045226131,56,0.2
0.7185929648241206,232,21,0.16845878136200718,7.232323232323233,85,995,90,31,10,-2.8491457286432156,56,0.3
0.7135678391959799,193,12,0.3204225352112676,8.376470588235295,46,995,13,42,4,-3.9229145728643218,56,0.4
0.08442211055276382,19,0,0.6274509803921569,6.461538461538462,224,11,51,1,0,0.28713567839195997,57,0.05
0.1829145728643216,48,4,0.35135135135135137,6.7407407407407405,138,107,59,5,3,-0.15768844221105507,57,0.1
0.6884422110552764,265,35,0.1423948220064725,6.061946902654867,119,995,76,31,8,-2.806331658291457,57,0.2
0.6934673366834171,251,21,0.17434210526315788,6.339449541284404,100,994,56,40,7,-3.7261306532663316,57,0.3
0.7236180904522613,220,8,0.19708029197080293,7.6,53,995,41,49,5,-4.625125628140704,57,0.4
0.06331658291457286,18,0,0.5609756097560976,6.0,302,12,41,0,1,0.37407035175879405,58,0.05
0.2050251256281407,55,6,0.32098765432098764,6.8,226,135,65,11,3,-0.7521608040201003,58,0.1
0.6874371859296482,268,38,0.13548387096774195,5.854700854700854,143,993,53,32,7,-2.894874371859296,58,0.2
0.7065326633165829,237,18,0.18556701030927836,7.04,79,995,69,41,9,-3.8462311557788946,58,0.3
0.7256281407035176,219,4,0.1948529411764706,7.610526315789474,44,995,34,46,3,-4.308442211055276,58,0.4
0.09447236180904522,21,1,0.5714285714285714,6.714285714285714,243,13,52,1,3,0.25628140703517593,59,0.05
0.17889447236180905,40,0,0.36507936507936506,6.846153846153846,200,12,77,7,5,-0.37819095477386916,59,0.1
0.4964824120603015,194,31,0.14912280701754385,5.2,183,622,42,16,2,-1.2435175879396985,59,0.2
0.7115577889447237,233,16,0.1853146853146853,7.623655913978495,73,994,59,41,4,-3.790552763819095,59,0.3
0.7266331658291457,225,18,0.16974169741697417,7.858695652173913,68,995,32,63,3,-6.008341708542714,59,0.4
0.13869346733668342,28,0,0.6266666666666667,6.2727272727272725,209,21,76,3,2,0.0663316582914574,60,0.05
0.13165829145728644,32,1,0.43859649122807015,7.277777777777778,168,24,63,1,2,0.2518592964824121,60,0.1
0.6452261306532663,295,53,0.14985590778097982,5.185483870967742,198,972,60,27,5,-2.376482412060301,60,0.2
0.6944723618090453,243,29,0.19801980198019803,7.134020618556701,90,995,9,42,6,-3.911256281407035,60,0.3
0.7236180904522613,233,11,0.14963503649635038,7.589473684210526,44,995,42,44,4,-4.119396984924624,60,0.4
0.09246231155778895,24,3,0.5932203389830508,6.571428571428571,248,12,68,1,2,0.26381909547738697,61,0.05
0.08341708542713568,18,0,0.45454545454545453,6.384615384615385,212,30,30,2,0,0.18050251256281416,61,0.1
0.6633165829145728,286,60,0.1437125748502994,5.910714285714286,178,995,35,50,6,-4.694673366834171,61,0.2
0.7085427135678392,233,18,0.18815331010452963,6.788461538461538,99,986,57,27,5,-2.4033165829145724,61,0.3
0.7256281407035176,230,12,0.15441176470588236,7.453608247422681,47,995,61,48,4,-4.5292462311557795,61,0.4
0.14472361809045226,34,0,0.47692307692307695,6.857142857142857,231,31,69,2,3,0.15527638190954784,62,0.05
0.22814070351758794,55,3,0.3373493975903614,6.514285714285714,212,78,81,4,5,-0.07115577889447235,62,0.1
0.6964824120603015,254,38,0.15614617940199335,6.3090909090909095,139,995,57,36,3,-3.250050251256281,62,0.2
0.6894472361809045,259,38,0.1590909090909091,6.605769230769231,108,995,54,34,4,-3.088542713567839,62,0.3
0.7386934673366834,212,11,0.18146718146718147,8.098901098901099,42,995,81,48,8,-4.561507537688442,62,0.4
0.08442211055276382,17,0,0.5526315789473685,6.461538461538462,317,11,42,1,2,0.2664321608040202,63,0.05
0.2864321608040201,110,11,0.23076923076923078,5.480769230769231,162,257,63,7,3,-0.35608040201005015,63,0.1
0.6603015075376885,276,46,0.18100890207715134,5.71304347826087,153,995,61,42,11,-3.9401005025125624,63,0.2
0.6964824120603015,245,36,0.18604651162790697,6.673076923076923,114,995,62,50,7,-4.725326633165829,63,0.3
0.7185929648241206,227,16,0.1863799283154122,7.381443298969073,71,995,44,46,5,-4.330452261306533,63,0.4
0.12663316582914572,26,0,0.559322033898305,7.875,291,11,64,1,1,0.28140703517587945,64,0.05
0.13366834170854272,25,0,0.5370370370370371,7.388888888888889,241,18,60,5,3,-0.1514572864321606,64,0.1
0.6793969849246231,267,36,0.16037735849056603,6.277777777777778,123,995,53,32,7,-2.8997989949748737,64,0.2
0.6934673366834171,238,18,0.19322033898305085,7.197916666666667,75,986,42,43,4,-3.98894472361809,64,0.3
0.7286432160804021,219,8,0.18587360594795538,7.891304347826087,49,995,59,45,6,-4.239497487437185,64,0.4
0.12864321608040202,32,0,0.49206349206349204,6.7368421052631575,252,12,71,1,0,0.28502512562814075,65,0.05
0.12060301507537688,35,4,0.453125,7.0588235294117645,202,32,58,6,2,-0.2500502512562813,65,0.1
0.6653266331658292,265,34,0.20180722891566266,5.981981981981982,119,995,55,37,4,-3.3674371859296484,65,0.2
0.7135678391959799,236,10,0.16901408450704225,7.191919191919192,73,995,51,48,6,-4.500603015075377,65,0.3
0.7226130653266332,216,15,0.21454545454545454,8.0,66,995,28,48,3,-4.500402010050251,65,0.4
0.12663316582914572,42,1,0.4084507042253521,5.25,238,75,64,3,4,0.043115577889447414,66,0.05
0.22311557788944725,73,12,0.2912621359223301,6.9375,208,172,66,8,6,-0.48311557788944703,66,0.1
0.6834170854271356,278,57,0.11464968152866242,6.1909090909090905,165,995,40,34,6,-3.0828140703517586,66,0.2
0.7346733668341708,222,9,0.155893536121673,7.33,61,994,58,42,5,-3.9045226130653266,66,0.3
0.7206030150753768,216,12,0.22021660649819494,7.402061855670103,54,995,46,62,5,-5.928040201005024,66,0.4
0.09547738693467336,14,0,0.6818181818181818,7.916666666666667,206,24,50,4,1,-0.02452261306532647,67,0.05
0.1748743718592965,47,5,0.32857142857142857,7.25,182,139,44,9,0,-0.5234170854271354,67,0.1
0.6683417085427136,263,30,0.17295597484276728,5.893805309734513,132,977,55,32,5,-2.8795979899497484,67,0.2
0.7105527638190955,243,17,0.15331010452961671,6.486238532110092,95,995,63,44,4,-4.091356783919598,67,0.3
0.7286432160804021,219,13,0.18587360594795538,7.505154639175258,68,995,46,47,6,-4.44321608040201,67,0.4
0.0964824120603015,23,0,0.6166666666666667,6.857142857142857,228,22,80,1,1,0.2691457286432162,68,0.05
0.11557788944723618,33,1,0.4406779661016949,6.764705882352941,219,35,58,1,3,0.24231155778894478,68,0.1
0.6592964824120603,295,47,0.12721893491124261,5.475,165,995,68,31,3,-2.7608040201005024,68,0.2
0.6934673366834171,256,32,0.15789473684210525,6.653846153846154,115,995,8,38,4,-3.4970854271356786,68,0.3
0.7165829145728643,222,16,0.2099644128113879,7.595744680851064,50,995,40,43,5,-4.024020100502512,68,0.4
0.0592964824120603,22,4,0.45,5.363636363636363,213,12,39,0,2,0.3593969849246232,69,0.05
0.15979899497487438,32,0,0.5,6.913043478260869,158,12,67,1,0,0.2787939698492463,69,0.1
0.6492462311557788,301,55,0.13505747126436782,5.184,167,984,60,21,8,-1.7946733668341708,69,0.2
0.7115577889447237,238,23,0.16783216783216784,7.09,76,995,26,58,4,-5.504422110552763,69,0.3
0.7577889447236181,197,6,0.17916666666666667,8.870588235294118,43,995,61,53,5,-5.037286432160804,69,0.4
0.10050251256281408,25,1,0.5614035087719298,6.666666666666667,243,11,64,1,2,0.2613065326633167,70,0.05
0.07035175879396985,17,0,0.5142857142857142,5.916666666666667,183,24,35,2,0,0.167638190954774,70,0.1
0.685427135678392,265,41,0.15064102564102563,5.939130434782609,144,994,60,38,5,-3.4824120603015074,70,0.2
0.714572864321608,233,24,0.17667844522968199,6.846153846153846,108,995,46,36,7,-3.321708542713568,70,0.3
0.6934673366834171,246,13,0.19078947368421054,6.728155339805825,74,995,61,35,6,-3.227537688442211,70,0.4
0.14371859296482412,28,2,0.5757575757575758,7.15,232,14,70,1,1,0.2776884422110553,71,0.05
0.12562814070351758,27,2,0.5970149253731343,6.944444444444445,133,15,78,2,2,0.15175879396984934,71,0.1
0.6562814070351759,293,57,0.14076246334310852,5.360655737704918,181,995,53,41,3,-3.7479396984924622,71,0.2
0.7065326633165829,243,29,0.16494845360824742,7.48936170212766,89,995,52,52,4,-4.894472361809045,71,0.3
0.7045226130653266,222,13,0.24232081911262798,7.3125,70,995,35,42,5,-3.9266331658291453,71,0.4
0.07537688442211055,13,0,0.675,9.375,258,25,40,1,0,0.28532663316582924,72,0.05
0.08040201005025126,17,0,0.15,6.666666666666667,175,39,16,3,0,0.07396984924623132,72,0.1
0.7075376884422111,238,29,0.1793103448275862,6.467889908256881,121,995,75,40,8,-3.7024120603015076,72,0.2
0.6924623115577889,249,33,0.18360655737704917,6.4485981308411215,98,995,40,42,5,-3.9106532663316576,72,0.3
0.7306532663316583,229,15,0.14232209737827714,7.583333333333333,59,995,75,45,6,-4.242412060301508,72,0.4
0.12160804020100502,24,1,0.6,7.5625,255,19,65,2,3,0.15547738693467344,73,0.05
0.19095477386934673,56,9,0.3411764705882353,6.129032258064516,213,90,56,4,2,-0.04552763819095466,73,0.1
0.7025125628140704,246,27,0.16610169491525423,5.982905982905983,127,995,59,40,7,-3.699597989949748,73,0.2
0.685427135678392,250,24,0.1987179487179487,6.107142857142857,94,995,53,37,6,-3.4152763819095475,73,0.3
0.7135678391959799,218,16,0.2323943661971831,7.645161290322581,68,995,15,52,5,-4.929045226130653,73,0.4
0.08944723618090453,23,2,0.5964912280701754,6.428571428571429,272,17,59,0,2,0.36432160804020103,74,0.05
0.13668341708542714,25,0,0.45652173913043476,7.555555555555555,227,30,56,1,1,0.2687437185929649,74,0.1
0.6743718592964824,269,45,0.16718266253869968,5.516393442622951,170,995,41,40,4,-3.668241206030151,74,0.2
0.7035175879396985,241,23,0.18027210884353742,6.730769230769231,96,995,92,52,8,-4.93889447236181,74,0.3
0.7195979899497488,211,6,0.24100719424460432,7.793478260869565,52,995,60,47,3,-4.4083417085427135,74,0.4
0.0964824120603015,23,0,0.6166666666666667,7.384615384615385,300,21,77,0,1,0.37366834170854274,75,0.05
0.05728643216080402,16,0,0.6363636363636364,4.75,199,18,62,2,0,0.1705527638190956,75,0.1
0.6522613065326633,286,44,0.17101449275362318,5.118110236220472,163,995,13,36,6,-3.283517587939698,75,0.2
0.7085427135678392,244,27,0.15570934256055363,7.1313131313131315,71,995,56,33,4,-2.9984924623115576,75,0.3
0.6844221105527638,246,17,0.21405750798722045,6.433962264150943,94,995,15,41,9,-3.8667336683417086,75,0.4
0.12060301507537688,33,2,0.4406779661016949,6.722222222222222,266,18,65,0,2,0.36653266331658296,76,0.05
0.12160804020100502,31,2,0.4745762711864407,6.722222222222222,172,29,57,2,1,0.16190954773869354,76,0.1
0.650251256281407,294,66,0.14782608695652175,5.184,209,987,67,32,6,-2.8824120603015073,76,0.2
0.7095477386934673,227,13,0.21180555555555555,7.288659793814433,58,994,74,43,4,-4.002814070351759,76,0.3
0.7105527638190955,227,14,0.20905923344947736,7.224489795918367,65,995,53,46,3,-4.308442211055276,76,0.4
0.05829145728643216,21,2,0.5882352941176471,4.142857142857143,223,16,48,1,0,0.2828140703517589,77,0.05
0.1487437185929648,28,2,0.45098039215686275,7.4,193,12,71,3,2,0.05005025125628152,77,0.1
0.6100502512562814,214,38,0.1640625,6.08,158,732,106,35,6,-3.1920603015075373,77,0.2
0.7025125628140704,240,18,0.1864406779661017,6.796116504854369,92,995,48,42,2,-3.8759798994974872,77,0.3
0.714572864321608,234,17,0.17314487632508835,7.12,69,995,13,48,3,-4.50643216080402,77,0.4
0.09547738693467336,19,2,0.5777777777777777,7.3076923076923075,251,12,46,1,1,0.27678391959799004,78,0.05
0.09748743718592964,30,0,0.34782608695652173,6.0625,199,92,28,2,2,0.15869346733668352,78,0.1
0.6904522613065327,244,25,0.20521172638436483,6.035087719298246,117,995,87,36,6,-3.2900502512562815,78,0.2
0.7165829145728643,222,12,0.2099644128113879,6.932038834951456,78,995,72,49,1,-4.574974874371859,78,0.3
0.7175879396984924,236,15,0.15714285714285714,7.536842105263158,59,995,64,34,9,-3.159497487437186,78,0.4
0.0964824120603015,25,5,0.5689655172413793,6.466666666666667,279,38,59,3,1,0.0758793969849248,79,0.05
0.0763819095477387,17,1,0.5405405405405406,7.6,188,11,38,1,1,0.259497487437186,79,0.1
0.6613065326633166,272,40,0.19047619047619047,5.730434782608696,150,995,45,25,3,-2.1588944723618084,79,0.2
0.6944723618090453,257,30,0.15181518151815182,6.784313725490196,108,995,66,33,5,-3.0067336683417083,79,0.3
0.7195979899497488,211,14,0.24100719424460432,7.793478260869565,66,995,51,50,4,-4.711557788944724,79,0.4
0.0814070351758794,23,1,0.5818181818181818,5.4,278,23,58,0,0,0.3826130653266332,80,0.05
0.12763819095477386,30,1,0.375,7.055555555555555,204,23,54,0,5,0.32703517587939707,80,0.1
0.6512562814070352,266,42,0.15555555555555556,5.192,180,929,66,29,7,-2.594070351758794,80,0.2
0.7386934673366834,220,13,0.15057915057915058,7.587628865979381,80,995,65,50,5,-4.713969849246231,80,0.3
0.7256281407035176,222,17,0.18382352941176472,8.146067415730338,64,995,33,46,3,-4.307839195979899,80,0.4
0.1035175879396985,25,0,0.5,6.4375,278,10,57,1,1,0.2772864321608041,81,0.05
0.12864321608040202,40,4,0.42857142857142855,6.7368421052631575,241,78,52,2,1,0.16572864321608052,81,0.1
0.6793969849246231,269,43,0.1540880503144654,5.991150442477876,154,995,41,37,4,-3.362211055276382,81,0.2
0.6884422110552764,252,30,0.18446601941747573,6.070796460176991,121,995,29,44,4,-4.0908542713567835,81,0.3
0.7055276381909548,232,18,0.2054794520547945,7.725274725274725,60,995,47,50,9,-4.776884422110553,81,0.4
0.11055276381909548,26,0,0.5806451612903226,7.333333333333333,261,18,74,0,2,0.36432160804020103,82,0.05
0.135678391959799,33,2,0.32653061224489793,6.428571428571429,165,60,41,4,1,-0.03517587939698481,82,0.1
0.6482412060301508,263,43,0.16507936507936508,5.972222222222222,158,954,50,32,3,-2.863517587939698,82,0.2
0.6864321608040201,244,34,0.21543408360128619,6.696078431372549,112,995,46,37,6,-3.409748743718593,82,0.3
0.7246231155778895,228,9,0.16483516483516483,7.8478260869565215,41,995,67,40,2,-3.699899497487437,82,0.4
0.031155778894472363,7,0,0.6818181818181818,4.428571428571429,226,27,16,1,0,0.2826130653266333,83,0.05
0.08341708542713568,25,2,0.32432432432432434,6.384615384615385,187,48,27,3,1,0.06010050251256297,83,0.1
0.6532663316582915,256,42,0.14666666666666667,6.20952380952381,156,934,58,25,7,-2.194070351758794,83,0.2
0.7175879396984924,235,12,0.16071428571428573,7.14,82,994,57,45,9,-4.24572864321608,83,0.3
0.7296482412060301,218,11,0.1865671641791045,7.9021739130434785,54,995,52,45,5,-4.227035175879396,83,0.4
0.10050251256281408,22,0,0.6666666666666666,7.142857142857143,241,12,74,0,1,0.37859296482412064,84,0.05
0.12964824120603016,25,0,0.576271186440678,6.842105263157895,178,12,78,3,2,0.0497487437185931,84,0.1
0.6522613065326633,278,44,0.1524390243902439,5.327868852459017,172,965,61,31,3,-2.7568844221105526,84,0.2
0.735678391959799,222,13,0.15267175572519084,7.33,76,991,48,42,10,-3.961507537688442,84,0.3
0.7206030150753768,219,16,0.20938628158844766,7.793478260869565,57,995,23,46,5,-4.32894472361809,84,0.4
0.11055276381909548,32,1,0.5616438356164384,6.111111111111111,336,12,102,2,3,0.15718592964824135,85,0.05
0.18592964824120603,41,1,0.4225352112676056,7.4,168,26,95,3,3,0.041708542713567956,85,0.1
0.671356783919598,273,41,0.16257668711656442,6.137614678899083,126,994,58,29,8,-2.6035175879396983,85,0.2
0.6924623115577889,243,21,0.20327868852459016,6.8316831683168315,78,995,9,41,2,-3.7715577889447234,85,0.3
0.7457286432160805,202,4,0.1984126984126984,8.266666666666667,40,995,59,59,5,-5.63356783919598,85,0.4
0.14170854271356784,21,1,0.6379310344827587,8.8125,196,18,64,1,1,0.2808040201005026,86,0.05
0.12361809045226131,33,1,0.4406779661016949,6.473684210526316,171,15,61,2,1,0.16261306532663322,86,0.1
0.6592964824120603,280,44,0.17159763313609466,5.615384615384615,137,995,34,30,7,-2.700402010050251,86,0.2
0.6603015075376885,244,31,0.18394648829431437,6.58,105,955,55,35,5,-3.198090452261306,86,0.3
0.7316582914572864,224,5,0.15789473684210525,7.59375,49,995,71,39,8,-3.6581909547738696,86,0.4
0.10251256281407035,15,0,0.5945945945945946,8.5,254,12,42,0,0,0.3868341708542714,87,0.05
0.06733668341708543,16,2,0.4482758620689655,7.444444444444445,187,40,22,3,0,0.07155778894472371,87,0.1
0.6633165829145728,266,35,0.20359281437125748,5.747826086956522,137,992,77,35,2,-3.1537688442211054,87,0.2
0.7195979899497488,237,13,0.1474820143884892,7.242424242424242,60,995,19,48,8,-4.539698492462311,87,0.3
0.7226130653266332,218,11,0.20727272727272728,7.659574468085107,53,995,9,56,7,-5.3552763819095475,87,0.4
0.11959798994974874,19,0,0.6415094339622641,8.5,262,12,55,2,2,0.16834170854271358,88,0.05
0.10552763819095477,24,0,0.5714285714285714,6.5625,224,11,62,2,1,0.16552763819095492,88,0.1
0.6743718592964824,263,33,0.18575851393188855,5.694915254237288,142,995,47,31,5,-2.776180904522613,88,0.2
0.671356783919598,260,33,0.20245398773006135,5.938053097345133,125,995,48,40,6,-3.725527638190955,88,0.3
0.7336683417085427,214,7,0.1893939393939394,7.76595744680851,66,995,35,44,5,-4.122814070351758,88,0.4
0.13969849246231156,30,1,0.5454545454545454,6.619047619047619,182,12,81,0,1,0.3756783919597991,89,0.05
0.061306532663316586,28,7,0.40425531914893614,4.6923076923076925,229,56,34,2,0,0.1755778894472363,89,0.1
0.6723618090452261,275,54,0.15384615384615385,5.982142857142857,157,995,47,29,5,-2.5751758793969843,89,0.2
0.721608040201005,219,10,0.1828358208955224,7.412371134020619,68,984,33,48,2,-4.474472361809045,89,0.3
0.7105527638190955,229,13,0.20209059233449478,7.375,63,995,13,58,4,-5.520201005025126,89,0.4
0.08341708542713568,20,0,0.5121951219512195,7.545454545454546,235,19,49,2,1,0.17497487437185943,90,0.05
0.1708542713567839,37,1,0.5,6.538461538461538,211,57,70,4,2,-0.03929648241206024,90,0.1
0.6804020100502512,265,23,0.1640378548895899,6.0,97,995,71,25,8,-2.209949748743718,90,0.2
0.7015075376884422,247,23,0.16554054054054054,6.5327102803738315,103,995,59,33,4,-2.9851256281407035,90,0.3
0.7165829145728643,240,21,0.14590747330960854,7.019607843137255,82,995,53,51,5,-4.83105527638191,90,0.4
0.13266331658291458,31,0,0.5633802816901409,6.6,228,34,67,3,1,0.07869346733668363,91,0.05
0.10954773869346733,27,0,0.5263157894736842,7.266666666666667,161,14,73,3,3,0.0445226130653268,91,0.1
0.6582914572864321,284,47,0.15976331360946747,5.368852459016393,162,994,36,26,3,-2.250552763819096,91,0.2
0.6804020100502512,264,21,0.167192429022082,5.895652173913043,117,995,55,39,6,-3.6108542713567835,91,0.3
0.7165829145728643,234,6,0.16725978647686832,7.202020202020202,53,995,58,37,7,-3.4462311557788943,91,0.4
0.09447236180904522,23,2,0.5208333333333334,6.714285714285714,268,10,51,1,2,0.26793969849246246,92,0.05
0.09748743718592964,21,0,0.5714285714285714,6.466666666666667,225,16,61,0,4,0.334070351758794,92,0.1
0.6381909547738693,302,56,0.15877437325905291,5.088,183,995,40,31,6,-2.7837185929648243,92,0.2
0.721608040201005,229,17,0.17028985507246377,7.262626262626263,89,995,55,38,5,-3.500904522613065,92,0.3
0.7437185929648241,214,13,0.15748031496062992,8.233333333333333,50,995,41,48,5,-4.519396984924623,92,0.4
0.13366834170854272,27,0,0.5645161290322581,7.388888888888889,291,17,79,1,2,0.2645226130653267,93,0.05
0.08743718592964825,30,5,0.45454545454545453,4.833333333333333,203,69,43,2,1,0.15949748743718603,93,0.1
0.6321608040201006,291,61,0.19613259668508287,5.48695652173913,176,977,47,30,2,-2.642010050251256,93,0.2
0.6834170854271356,256,33,0.18471337579617833,6.696078431372549,102,995,52,44,5,-4.115678391959799,93,0.3
0.7366834170854272,219,10,0.16091954022988506,8.155555555555555,44,995,53,50,4,-4.7239195979899495,93,0.4
0.1407035175879397,28,0,0.5555555555555556,7.0,238,11,74,2,2,0.16824120603015089,94,0.05
0.12361809045226131,32,1,0.4576271186440678,6.473684210526316,180,36,58,5,0,-0.12110552763819069,94,0.1
0.6572864321608041,288,48,0.15294117647058825,5.32520325203252,182,995,69,33,4,-2.966130653266332,94,0.2
0.7025125628140704,236,21,0.2,6.666666666666667,90,995,54,43,6,-4.0210050251256275,94,0.3
0.7236180904522613,220,3,0.19708029197080293,7.752688172043011,44,995,44,36,6,-3.3370854271356785,94,0.4
0.1185929648241206,27,3,0.6197183098591549,7.375,212,12,77,2,0,0.18351758793969863,95,0.05
0.10653266331658291,23,1,0.4888888888888889,7.066666666666666,225,19,55,1,1,0.26894472361809046,95,0.1
0.6603015075376885,288,53,0.14540059347181009,5.632478632478633,154,995,38,27,7,-2.3952763819095475,95,0.2
0.7296482412060301,218,20,0.1865671641791045,7.652631578947369,81,995,59,62,2,-5.88070351758794,95,0.3
0.7256281407035176,223,12,0.1801470588235294,7.23,80,995,15,53,5,-5.020703517587939,95,0.4
0.11658291457286432,33,4,0.56,5.523809523809524,245,28,74,3,1,0.07125628140703531,96,0.05
0.11457286432160804,33,1,0.37735849056603776,5.7,197,45,40,4,0,-0.028743718592964648,96,0.1
0.6834170854271356,261,38,0.1498371335504886,6.364485981308412,125,981,55,44,7,-4.1020100502512555,96,0.2
0.7015075376884422,251,27,0.15202702702702703,6.862745098039215,98,995,11,43,5,-4.004221105527638,96,0.3
0.7165829145728643,195,6,0.30604982206405695,8.5,36,995,61,51,7,-4.860603015075377,96,0.4
0.14974874371859295,36,1,0.47058823529411764,8.277777777777779,244,54,70,4,0,-0.01939698492462304,97,0.05
0.12763819095477386,32,4,0.5151515151515151,7.470588235294118,202,35,64,4,0,-0.0232160804020099,97,0.1
0.6824120603015076,269,33,0.14603174603174604,6.172727272727273,120,995,54,33,6,-2.991256281407035,97,0.2
0.6894472361809045,238,24,0.22727272727272727,6.801980198019802,94,995,69,43,5,-4.006030150753769,97,0.3
0.7195979899497488,226,17,0.18705035971223022,7.5473684210526315,64,995,52,44,7,-4.140402010050251,97,0.4
0.020100502512562814,3,0,0.5714285714285714,10.0,227,24,8,0,0,0.3805025125628141,98,0.05
0.14371859296482412,29,0,0.5084745762711864,7.15,135,25,73,1,3,0.24331658291457295,98,0.1
0.6462311557788945,291,58,0.15406976744186046,5.152,168,974,67,29,6,-2.5913567839195975,98,0.2
0.7085427135678392,237,17,0.17993079584775087,6.351351351351352,111,995,35,50,7,-4.729346733668342,98,0.3
0.7286432160804021,230,11,0.1449814126394052,7.6421052631578945,67,995,42,47,7,-4.440502512562813,98,0.4
0.135678391959799,31,1,0.5373134328358209,6.428571428571429,275,18,78,2,2,0.16532663316582927,99,0.05
0.13768844221105528,27,1,0.5423728813559322,6.85,177,26,68,3,2,0.05417085427135699,99,0.1
0.5005025125628141,175,28,0.18604651162790697,6.397435897435898,129,603,45,31,4,-2.770854271356784,99,0.2
0.6934673366834171,249,25,0.18092105263157895,6.70873786407767,90,995,77,38,5,-3.5062311557788943,99,0.3
0.7155778894472362,241,21,0.1453900709219858,7.350515463917525,70,995,50,49,1,-4.590251256281406,99,0.4
