avg_len_man,crashes,n_RtI,n_emergency,n_exp,pr_puddle,prop_manual,prop_rejected_RtI,puddle_warnings,rock_warnings,skids,state_warnings,utility
6.066666666666666,1,20,0,0,0.1,0.0914572864321608,0.6,59,12,1,238,0.2695477386934674
7.589743589743589,2,65,3,0,0.2,0.2964824120603015,0.4036697247706422,218,12,8,95,0.08633165829145735
7.091836734693878,6,246,23,0,0.3,0.6974874371859296,0.18,995,17,28,81,-0.5264321608040202
6.98,4,242,7,0,0.4,0.7015075376884422,0.18243243243243243,995,13,34,66,-0.4010050251256282
7.935483870967742,7,213,0,0,0.5,0.7407035175879397,0.17120622568093385,995,13,32,28,-0.7018090452261307
8.692307692307692,2,180,0,0,0.6,0.6804020100502512,0.43217665615141954,994,28,25,9,-0.13658291457286434
6.761904761904762,1,29,0,1,0.1,0.14170854271356784,0.5735294117647058,81,12,5,177,0.22944723618090457
6.543478260869565,5,76,1,1,0.2,0.3015075376884422,0.40625,237,19,9,107,-0.21798994974874364
6.4766355140186915,7,266,31,1,0.3,0.6944723618090453,0.12211221122112212,995,12,28,100,-0.6148743718592965
7.212121212121212,4,236,12,1,0.4,0.7165829145728643,0.1601423487544484,994,12,29,62,-0.35055276381909556
7.621052631578947,8,233,9,1,0.5,0.7276381909547739,0.13703703703703704,992,25,34,54,-0.8087437185929649
9.486486486486486,7,186,0,1,0.6,0.7045226130653266,0.3651877133105802,995,26,34,12,-0.7374874371859297
7.655172413793103,0,49,2,2,0.1,0.22311557788944725,0.4787234042553192,136,19,3,200,0.3534673366834171
6.980769230769231,2,74,2,2,0.2,0.36482412060301506,0.4393939393939394,271,12,23,124,-0.05638190954773866
7.173469387755102,7,257,13,2,0.3,0.7055276381909548,0.11986301369863013,995,12,25,73,-0.5947738693467336
7.137254901960785,9,228,8,2,0.4,0.7306532663316583,0.14606741573033707,995,12,35,66,-0.9059296482412061
8.186046511627907,8,208,0,2,0.5,0.7065326633165829,0.2852233676975945,995,31,45,32,-0.930251256281407
8.507246376811594,3,144,0,2,0.6,0.5889447236180905,0.6470588235294118,995,16,36,16,-0.34763819095477383
6.434782608695652,1,33,2,3,0.1,0.1487437185929648,0.5975609756097561,98,12,7,199,0.21206030150753774
6.347368421052631,5,230,28,3,0.2,0.6050251256281407,0.15441176470588236,765,11,19,123,-0.3132663316582914
6.796116504854369,14,249,24,3,0.3,0.7025125628140704,0.15593220338983052,994,13,22,89,-1.2675376884422114
6.75,7,249,8,3,0.4,0.7045226130653266,0.15017064846416384,995,46,37,66,-0.7348743718592965
8.590361445783133,4,184,0,3,0.5,0.7155778894472362,0.3475177304964539,995,38,41,22,-0.48824120603015075
8.231707317073171,1,185,0,3,0.6,0.6773869346733669,0.421875,995,26,32,23,-0.1130653266331658
3.125,0,10,0,4,0.1,0.02512562814070352,0.4444444444444444,15,12,0,196,0.37919597989949755
7.032258064516129,5,137,26,4,0.2,0.4381909547738693,0.29015544041450775,390,17,15,130,-0.27216080402010046
6.88,4,247,17,4,0.3,0.6904522613065327,0.16554054054054054,964,28,39,95,-0.4291457286432161
7.494845360824742,9,234,6,4,0.4,0.7296482412060301,0.12686567164179105,995,45,38,49,-0.941105527638191
8.045454545454545,5,217,7,4,0.5,0.7105527638190955,0.24390243902439024,993,13,28,45,-0.45577889447236175
9.012658227848101,2,186,0,4,0.6,0.7135678391959799,0.34507042253521125,995,12,48,16,-0.3735678391959799
7.090909090909091,1,34,0,5,0.1,0.15678391959798996,0.5853658536585366,96,19,6,215,0.22140703517587942
8.25,1,65,0,5,0.2,0.36482412060301506,0.4881889763779528,243,12,14,100,0.13015075376884425
6.785714285714286,3,248,21,5,0.3,0.6683417085427136,0.24620060790273557,995,12,22,74,-0.16070351758793971
7.422680412371134,7,245,17,5,0.4,0.7226130653266332,0.10909090909090909,995,12,47,54,-0.8319597989949749
8.413793103448276,8,212,3,5,0.5,0.7346733668341708,0.19391634980988592,995,19,48,30,-0.9561809045226132
8.986842105263158,5,174,0,5,0.6,0.685427135678392,0.4423076923076923,995,29,37,3,-0.5595979899497489
7.846153846153846,3,42,6,6,0.1,0.2050251256281407,0.6410256410256411,144,47,6,176,0.02130653266331668
6.317757009345795,5,262,34,6,0.2,0.678391959798995,0.09965635738831616,930,25,30,131,-0.4189949748743718
6.427184466019417,14,259,24,6,0.3,0.664321608040201,0.1751592356687898,959,28,23,102,-1.2681407035175878
7.580645161290323,4,240,18,6,0.4,0.7075376884422111,0.1724137931034483,995,15,36,55,-0.4137688442211055
8.710843373493976,7,205,1,6,0.5,0.7266331658291457,0.24354243542435425,995,12,48,21,-0.8626130653266333
9.279411764705882,4,157,0,6,0.6,0.6311557788944724,0.5710382513661202,995,78,42,15,-0.5125628140703518
7.363636363636363,0,40,2,7,0.1,0.1628140703517588,0.4936708860759494,112,23,1,161,0.3709547738693468
5.872727272727273,7,277,44,7,0.2,0.6492462311557788,0.10355987055016182,895,29,22,147,-0.5469346733668341
6.883495145631068,5,245,12,7,0.3,0.7115577889447237,0.14335664335664336,995,13,29,69,-0.4307537688442212
7.391752577319588,7,240,12,7,0.4,0.7185929648241206,0.13978494623655913,995,12,33,55,-0.6921608040201005
8.458823529411765,11,195,0,7,0.5,0.721608040201005,0.29347826086956524,995,12,36,22,-1.132964824120603
9.305555555555555,5,165,0,7,0.6,0.6733668341708543,0.49074074074074076,995,12,38,5,-0.578894472361809
5.7,1,45,4,8,0.1,0.17185929648241205,0.55,116,23,3,190,0.24934673366834179
6.391891891891892,4,162,19,8,0.2,0.47537688442211057,0.25688073394495414,534,13,18,125,-0.20160804020100495
6.663551401869159,11,248,19,8,0.3,0.7165829145728643,0.11743772241992882,995,19,38,101,-1.1196984924623115
6.735849056603773,9,231,11,8,0.4,0.7175879396984924,0.175,995,14,41,72,-0.9702512562814072
7.706521739130435,8,219,0,8,0.5,0.7115577889447237,0.23426573426573427,995,31,37,28,-0.8488442211055278
9.27027027027027,2,164,0,8,0.6,0.6884422110552764,0.4692556634304207,995,38,44,12,-0.3269346733668342
6.916666666666667,5,51,5,9,0.1,0.25025125628140704,0.5096153846153846,147,25,6,195,-0.17869346733668331
6.637931034482759,5,127,6,9,0.2,0.3869346733668342,0.2529411764705882,378,12,15,93,-0.2748743718592965
6.83,9,248,20,9,0.3,0.685427135678392,0.20512820512820512,995,30,35,93,-0.8886432160804021
7.4361702127659575,4,240,10,9,0.4,0.700502512562814,0.1919191919191919,995,15,31,46,-0.37276381909547734
8.07865168539326,6,217,2,9,0.5,0.721608040201005,0.213768115942029,995,22,36,40,-0.6329648241206031
8.8,4,171,0,9,0.6,0.7065326633165829,0.41237113402061853,995,30,35,9,-0.4385929648241207
7.368421052631579,0,33,4,10,0.1,0.1407035175879397,0.56,91,19,2,182,0.3592964824120604
6.311475409836065,3,108,3,10,0.2,0.3869346733668342,0.34146341463414637,313,24,11,118,-0.04412060301507528
6.542056074766355,10,257,17,10,0.3,0.7015075376884422,0.13175675675675674,995,18,28,94,-0.920502512562814
7.604166666666667,7,231,9,10,0.4,0.7326633165829146,0.12830188679245283,995,12,42,48,-0.7776884422110554
8.076923076923077,5,226,7,10,0.5,0.7386934673366834,0.1274131274131274,995,12,32,32,-0.48552763819095485
8.7375,5,191,0,10,0.6,0.7025125628140704,0.3525423728813559,995,12,49,19,-0.6814070351758794
6.9523809523809526,6,61,5,11,0.1,0.29346733668341707,0.41346153846153844,174,12,10,195,-0.31386934673366823
7.037037037037037,0,39,1,11,0.2,0.19095477386934673,0.4507042253521127,104,26,3,98,0.34522613065326635
6.921568627450981,7,249,19,11,0.3,0.7085427135678392,0.12631578947368421,985,11,30,79,-0.6488442211055278
7.02,10,243,9,11,0.4,0.7035175879396985,0.16494845360824742,986,12,32,51,-0.9693467336683417
7.6063829787234045,2,240,8,11,0.5,0.7175879396984924,0.14285714285714285,995,12,26,42,-0.12964824120603016
8.91025641025641,9,188,0,11,0.6,0.6974874371859296,0.37333333333333335,995,12,39,13,-0.9840201005025125
7.516129032258065,2,46,2,12,0.1,0.23417085427135678,0.5,122,11,11,195,0.07155778894472371
7.153846153846154,1,75,5,12,0.2,0.2804020100502513,0.33035714285714285,225,10,14,112,0.13115577889447239
6.679611650485437,7,263,22,12,0.3,0.6904522613065327,0.14332247557003258,993,19,22,92,-0.5640201005025126
7.924731182795699,7,219,6,12,0.4,0.7396984924623116,0.1511627906976744,995,19,34,38,-0.7072361809045227
8.404761904761905,3,207,2,12,0.5,0.7085427135678392,0.2837370242214533,995,13,31,27,-0.2874371859296483
8.706666666666667,7,156,0,12,0.6,0.6552763819095477,0.543859649122807,995,46,33,25,-0.723819095477387
6.757575757575758,3,50,0,13,0.1,0.2241206030150754,0.45652173913043476,130,25,6,236,0.026934673366834267
5.757009345794392,8,271,44,13,0.2,0.6180904522613065,0.14240506329113925,864,12,18,159,-0.6083417085427135
6.759615384615385,8,255,27,13,0.3,0.7045226130653266,0.1296928327645051,995,25,35,97,-0.794070351758794
6.990291262135922,7,243,5,13,0.4,0.7226130653266332,0.11636363636363636,995,13,30,55,-0.6592964824120603
8.63855421686747,2,206,1,13,0.5,0.7195979899497488,0.2589928057553957,995,25,33,24,-0.20140703517587943
9.314285714285715,8,157,0,13,0.6,0.6532663316582915,0.5436046511627907,995,41,39,12,-0.8828140703517589
7.818181818181818,2,37,0,14,0.1,0.1728643216080402,0.5131578947368421,92,11,1,234,0.17437185929648252
6.943661971830986,6,135,6,14,0.2,0.49447236180904525,0.28191489361702127,469,18,17,103,-0.39919597989949734
6.7075471698113205,6,248,13,14,0.3,0.7135678391959799,0.1267605633802817,995,13,41,72,-0.6556783919597989
7.202020202020202,8,241,8,14,0.4,0.7155778894472362,0.1453900709219858,995,27,41,64,-0.8675376884422111
7.728260869565218,8,219,3,14,0.5,0.7135678391959799,0.22887323943661972,995,16,38,48,-0.8664321608040202
8.866666666666667,7,163,0,14,0.6,0.6653266331658292,0.5090361445783133,995,43,34,10,-0.7393969849246231
7.071428571428571,2,50,0,15,0.1,0.19899497487437187,0.4791666666666667,121,14,7,193,0.11125628140703528
7.5,3,66,1,15,0.2,0.3316582914572864,0.472,215,31,17,99,-0.0980904522613064
6.584905660377358,6,256,22,15,0.3,0.700502512562814,0.12627986348122866,981,18,37,102,-0.6133668341708544
6.388888888888889,13,264,18,15,0.4,0.6924623115577889,0.13442622950819672,989,19,34,81,-1.3009045226130653
8.045977011494253,3,209,0,15,0.5,0.7025125628140704,0.2842465753424658,988,11,55,31,-0.517889447236181
9.426666666666666,9,172,0,15,0.6,0.7085427135678392,0.40484429065743943,995,95,41,8,-1.0087437185929649
7.068965517241379,2,39,2,16,0.1,0.2050251256281407,0.5465116279069767,112,25,3,141,0.1528643216080403
6.285714285714286,4,148,23,16,0.2,0.44221105527638194,0.2985781990521327,454,30,14,130,-0.17015075376884417
6.864077669902913,5,247,15,16,0.3,0.7105527638190955,0.13937282229965156,995,13,32,85,-0.4574874371859297
7.806451612903226,6,230,0,16,0.4,0.7286432160804021,0.1449814126394052,994,11,30,32,-0.5607035175879398
9.12987012987013,7,186,0,16,0.5,0.7065326633165829,0.36082474226804123,995,12,49,18,-0.8736683417085428
9.095890410958905,4,164,0,16,0.6,0.6663316582914572,0.5045317220543807,995,12,39,12,-0.47527638190954774
6.382352941176471,3,57,2,17,0.1,0.21809045226130652,0.5511811023622047,172,12,4,156,0.041407035175879556
7.977777777777778,2,68,0,17,0.2,0.3608040201005025,0.45161290322580644,194,11,14,87,0.038291457286432226
6.730769230769231,13,250,26,17,0.3,0.7025125628140704,0.15254237288135594,989,12,23,95,-1.1711557788944726
7.6063829787234045,5,236,11,17,0.4,0.7175879396984924,0.15714285714285714,994,20,30,52,-0.46060301507537693
9.1,4,195,0,17,0.5,0.7306532663316583,0.2696629213483146,995,19,39,23,-0.4586934673366834
8.814814814814815,6,190,1,17,0.6,0.7165829145728643,0.3238434163701068,995,29,35,21,-0.643316582914573
6.916666666666667,4,36,0,18,0.1,0.16683417085427135,0.6170212765957447,117,12,7,208,-0.08904522613065315
7.808510638297872,1,68,0,18,0.2,0.3678391959798995,0.4603174603174603,211,17,16,99,0.11135678391959802
7.108910891089109,10,237,15,18,0.3,0.7206030150753768,0.1444043321299639,991,22,35,83,-0.9836180904522613
7.336734693877551,10,236,11,18,0.4,0.721608040201005,0.14492753623188406,995,19,40,57,-1.0585929648241206
8.070588235294117,6,197,0,18,0.5,0.6874371859296482,0.36451612903225805,995,22,32,23,-0.5981909547738694
9.338028169014084,9,151,0,18,0.6,0.6653266331658292,0.5451807228915663,995,12,34,7,-0.9393969849246232
6.846153846153846,2,42,4,19,0.1,0.17788944723618091,0.4878048780487805,91,53,1,205,0.17035175879396997
6.118421052631579,4,159,10,19,0.2,0.4663316582914573,0.25,533,12,22,139,-0.24773869346733668
6.192660550458716,5,267,18,19,0.3,0.6753768844221105,0.17080745341614906,995,13,36,80,-0.5021105527638191
7.903225806451613,9,225,7,19,0.4,0.7386934673366834,0.13127413127413126,995,12,36,45,-0.9207035175879399
8.619047619047619,5,210,6,19,0.5,0.7266331658291457,0.22509225092250923,995,12,44,28,-0.6161809045226131
9.118421052631579,5,170,0,19,0.6,0.6954773869346733,0.4370860927152318,995,12,35,14,-0.5374874371859297
6.470588235294118,1,52,0,20,0.1,0.2201005025125628,0.5094339622641509,135,25,8,142,0.19909547738693473
8.48936170212766,4,81,2,20,0.2,0.40100502512562813,0.39552238805970147,270,12,11,108,-0.13869346733668336
7.252525252525253,7,245,14,20,0.3,0.7206030150753768,0.10583941605839416,991,13,26,70,-0.5993969849246232
7.23,6,231,20,20,0.4,0.7256281407035176,0.15073529411764705,995,13,42,70,-0.6688442211055277
8.731707317073171,6,211,0,20,0.5,0.7185929648241206,0.24372759856630824,995,40,41,18,-0.6815075376884423
9.171052631578947,4,169,0,20,0.6,0.699497487437186,0.43288590604026844,995,20,42,9,-0.5099497487437187
6.96875,4,54,4,21,0.1,0.22311557788944725,0.4489795918367347,137,19,1,220,-0.026030150753768678
6.906666666666666,3,162,13,21,0.2,0.5206030150753769,0.2358490566037736,573,14,13,125,-0.048844221105527635
6.898989898989899,9,260,15,21,0.3,0.685427135678392,0.13333333333333333,977,23,29,64,-0.8310552763819097
7.0,5,244,17,21,0.4,0.7075376884422111,0.15862068965517243,995,31,35,85,-0.5039195979899497
8.232558139534884,2,216,0,21,0.5,0.7115577889447237,0.24475524475524477,995,12,53,29,-0.41195979899497487
9.464788732394366,7,164,0,21,0.6,0.6743718592964824,0.49226006191950467,992,11,42,9,-0.8170854271356784
6.909090909090909,4,32,0,22,0.1,0.1527638190954774,0.6404494382022472,103,18,3,208,-0.05216080402010031
7.25,0,96,6,22,0.2,0.37889447236180906,0.323943661971831,284,12,14,108,0.2341708542713568
6.60377358490566,10,251,20,22,0.3,0.7025125628140704,0.14915254237288136,995,12,27,83,-0.9103517587939698
7.438775510204081,8,232,9,22,0.4,0.7316582914572864,0.12781954887218044,995,30,42,57,-0.8882412060301509
8.372093023255815,6,201,1,22,0.5,0.7226130653266332,0.2690909090909091,995,39,43,22,-0.7074371859296483
8.759493670886076,5,192,0,22,0.6,0.6944723618090453,0.36633663366336633,995,12,38,14,-0.5696482412060302
7.266666666666667,3,45,3,23,0.1,0.21809045226130652,0.5454545454545454,136,25,6,202,0.02211055276381921
7.355555555555555,3,71,1,23,0.2,0.3316582914572864,0.39316239316239315,218,19,11,70,-0.03839195979899495
6.825242718446602,5,256,14,23,0.3,0.7055276381909548,0.1232876712328767,995,21,33,71,-0.4770854271356784
6.990196078431373,6,238,4,23,0.4,0.7155778894472362,0.15602836879432624,995,39,38,56,-0.6322613065326632
8.987804878048781,5,209,2,23,0.5,0.7396984924623116,0.18992248062015504,995,23,33,29,-0.5174874371859297
9.116883116883116,6,176,0,23,0.6,0.7045226130653266,0.3993174061433447,995,13,46,16,-0.7545728643216082
8.0,1,14,0,24,0.1,0.08040201005025126,0.36363636363636365,25,12,2,175,0.261105527638191
6.604651162790698,1,69,0,24,0.2,0.28442211055276384,0.5,198,19,12,146,0.1537688442211056
6.592233009708738,11,248,12,24,0.3,0.6814070351758794,0.21518987341772153,995,18,14,88,-0.8845226130653268
7.354166666666667,6,244,16,24,0.4,0.7085427135678392,0.15570934256055363,994,23,36,59,-0.6203015075376884
8.435294117647059,4,211,3,24,0.5,0.7195979899497488,0.24100719424460432,995,12,50,37,-0.5707537688442212
8.650602409638553,6,196,1,24,0.6,0.7195979899497488,0.2924187725631769,987,17,38,15,-0.6659296482412062
6.782608695652174,3,36,0,25,0.1,0.15577889447236182,0.5443037974683544,99,25,5,171,0.029045226130653343
7.785714285714286,4,63,0,25,0.2,0.32763819095477387,0.42727272727272725,179,30,11,106,-0.13959798994974867
6.586538461538462,5,264,37,25,0.3,0.6874371859296482,0.14285714285714285,978,24,22,111,-0.3577889447236181
6.9504950495049505,5,256,19,25,0.4,0.7045226130653266,0.12627986348122866,993,14,34,85,-0.5058291457286431
8.564705882352941,5,206,2,25,0.5,0.7306532663316583,0.22846441947565543,995,18,38,27,-0.5526633165829147
8.746666666666666,6,167,0,25,0.6,0.6582914572864321,0.5073746312684366,995,12,32,12,-0.6010050251256281
7.36,5,38,0,26,0.1,0.18391959798994975,0.4864864864864865,122,27,4,246,-0.1633165829145727
6.269230769230769,7,158,9,26,0.2,0.4914572864321608,0.25471698113207547,532,39,15,111,-0.4787939698492461
6.86,4,258,31,26,0.3,0.6884422110552764,0.1650485436893204,995,16,31,109,-0.3479396984924623
7.173469387755102,12,240,14,26,0.4,0.7055276381909548,0.1780821917808219,995,13,28,58,-1.1307537688442213
8.616279069767442,10,200,1,26,0.5,0.7437185929648241,0.2125984251968504,995,24,45,28,-1.1357788944723621
8.265060240963855,2,197,0,26,0.6,0.6884422110552764,0.36245954692556637,995,31,46,20,-0.34502512562814075
7.695652173913044,1,39,0,27,0.1,0.17788944723618091,0.5411764705882353,114,19,3,204,0.2503517587939699
8.0,4,72,1,27,0.2,0.3698492462311558,0.4330708661417323,201,14,13,114,-0.15798994974874359
6.258928571428571,2,258,17,27,0.3,0.7035175879396985,0.12244897959183673,995,12,26,96,-0.09949748743718594
7.4361702127659575,3,240,17,27,0.4,0.7025125628140704,0.1864406779661017,995,20,39,68,-0.3571859296482413
8.518987341772151,5,184,0,27,0.5,0.6763819095477387,0.42679127725856697,994,12,37,38,-0.5578894472361811
9.210526315789474,7,181,0,27,0.6,0.7035175879396985,0.3843537414965986,995,22,39,9,-0.7831155778894473
6.92,2,35,1,28,0.1,0.17386934673366833,0.453125,78,12,5,163,0.13718592964824125
7.170212765957447,4,71,1,28,0.2,0.33869346733668343,0.42276422764227645,244,15,9,120,-0.1157788944723617
5.902654867256637,10,261,30,28,0.3,0.6693467336683417,0.20426829268292682,995,41,24,110,-0.8852261306532664
7.268041237113402,5,251,10,28,0.4,0.7055276381909548,0.13448275862068965,988,12,37,60,-0.5319597989949749
8.348837209302326,5,199,0,28,0.5,0.7206030150753768,0.2815884476534296,995,13,36,20,-0.5372864321608041
9.041666666666666,6,157,0,28,0.6,0.6532663316582915,0.5436046511627907,995,24,46,14,-0.7485427135678392
6.67741935483871,3,57,5,29,0.1,0.20804020100502513,0.5043478260869565,181,24,6,180,0.0213065326633167
7.297872340425532,2,70,1,29,0.2,0.34472361809045227,0.4927536231884058,225,18,13,110,0.041105527638191
7.5625,7,234,18,29,0.3,0.7286432160804021,0.13011152416356878,994,12,40,72,-0.7498492462311557
7.9222222222222225,6,228,9,29,0.4,0.7155778894472362,0.19148936170212766,995,12,30,46,-0.5548743718592966
8.181818181818182,2,193,2,29,0.5,0.7236180904522613,0.2956204379562044,995,33,50,31,-0.38241206030150754
9.263157894736842,5,171,0,29,0.6,0.7075376884422111,0.4103448275862069,995,12,36,18,-0.5486432160804021
6.942857142857143,2,53,0,30,0.1,0.2442211055276382,0.49038461538461536,127,22,5,161,0.1393969849246232
8.363636363636363,6,71,0,30,0.2,0.3698492462311558,0.4365079365079365,215,12,12,116,-0.3492462311557788
6.37037037037037,9,259,23,30,0.3,0.6894472361809045,0.1590909090909091,994,31,24,101,-0.7871356783919599
7.371134020618556,5,230,6,30,0.4,0.7175879396984924,0.17857142857142858,995,24,42,52,-0.577286432160804
8.310344827586206,4,230,1,30,0.5,0.7256281407035176,0.15441176470588236,995,12,36,26,-0.43517587939698493
8.573170731707316,4,183,0,30,0.6,0.7055276381909548,0.3711340206185567,988,22,41,13,-0.49597989949748744
6.75,2,30,0,31,0.1,0.1628140703517588,0.6511627906976745,110,17,8,204,0.10190954773869358
7.181818181818182,2,134,6,31,0.2,0.4763819095477387,0.30569948186528495,442,19,11,134,0.06361809045226133
7.531914893617022,7,249,10,31,0.3,0.7115577889447237,0.12937062937062938,995,12,31,52,-0.6395979899497488
7.402061855670103,9,236,13,31,0.4,0.7206030150753768,0.148014440433213,995,17,30,57,-0.8631155778894473
8.426829268292684,4,195,0,31,0.5,0.6934673366834171,0.35855263157894735,994,74,40,32,-0.47608040201005036
8.705128205128204,2,174,0,31,0.6,0.6814070351758794,0.44936708860759494,995,27,37,12,-0.26241206030150754
7.333333333333333,2,44,0,32,0.1,0.19899497487437187,0.56,121,19,3,158,0.15628140703517593
5.643564356435643,4,235,35,32,0.2,0.5718592964824121,0.18118466898954705,790,23,13,147,-0.1564824120603015
6.37037037037037,10,265,25,32,0.3,0.6904522613065327,0.13680781758957655,988,12,30,101,-0.934070351758794
7.827956989247312,8,224,5,32,0.4,0.7306532663316583,0.16104868913857678,995,22,40,46,-0.8652261306532664
8.011494252873563,8,202,0,32,0.5,0.6984924623115578,0.32441471571906355,995,12,42,20,-0.8944723618090453
8.792207792207792,4,180,0,32,0.6,0.6793969849246231,0.4339622641509434,995,26,42,20,-0.5114572864321608
7.193548387096774,3,47,0,33,0.1,0.2241206030150754,0.4659090909090909,132,16,8,144,-0.0015075376884421253
6.909090909090909,2,105,10,33,0.2,0.38190954773869346,0.33962264150943394,349,13,13,130,0.04924623115577893
6.8431372549019605,4,255,26,33,0.3,0.700502512562814,0.13851351351351351,994,18,29,94,-0.3428140703517588
7.122448979591836,4,267,17,33,0.4,0.700502512562814,0.09797297297297297,992,33,35,58,-0.40603015075376886
7.786516853932584,6,223,2,33,0.5,0.6954773869346733,0.26158940397350994,995,18,39,31,-0.664321608040201
8.773333333333333,6,158,0,33,0.6,0.6603015075376885,0.5311572700296736,995,12,44,13,-0.7261306532663316
7.523809523809524,3,28,0,34,0.1,0.1577889447236181,0.5942028985507246,80,12,1,194,0.07467336683417095
6.671052631578948,6,155,11,34,0.2,0.5085427135678392,0.23267326732673269,521,14,18,113,-0.40502512562814075
6.008695652173913,10,260,20,34,0.3,0.6934673366834171,0.1419141914191419,992,12,17,110,-0.8158793969849246
7.880434782608695,8,224,5,34,0.4,0.7286432160804021,0.16728624535315986,995,18,32,46,-0.7803015075376883
8.75609756097561,4,191,0,34,0.5,0.7206030150753768,0.3104693140794224,995,12,44,36,-0.5150753768844221
9.232876712328768,3,159,0,34,0.6,0.6773869346733669,0.503125,995,12,35,21,-0.3362814070351759
7.545454545454546,2,29,0,35,0.1,0.16683417085427135,0.6506024096385542,111,18,5,146,0.13055276381909553
7.086206896551724,6,96,2,35,0.2,0.4130653266331658,0.37662337662337664,278,51,10,82,-0.3231155778894472
6.872549019607843,11,246,14,35,0.3,0.7035175879396985,0.16326530612244897,995,12,26,78,-1.002713567839196
7.12,10,238,10,35,0.4,0.7125628140703517,0.1649122807017544,995,22,33,64,-0.9851256281407036
8.470588235294118,6,208,0,35,0.5,0.7226130653266332,0.24363636363636362,995,12,44,26,-0.7272361809045228
8.725,4,179,2,35,0.6,0.700502512562814,0.39730639730639733,995,25,43,18,-0.5176884422110551
7.964285714285714,1,43,1,36,0.1,0.22311557788944725,0.6126126126126126,143,13,3,140,0.24934673366834184
7.866666666666666,2,64,1,36,0.2,0.35477386934673366,0.4336283185840708,200,13,13,93,0.04190954773869351
7.141414141414141,11,242,9,36,0.3,0.7095477386934673,0.1597222222222222,995,12,17,52,-0.908643216080402
7.880434782608695,3,236,9,36,0.4,0.7276381909547739,0.1259259259259259,995,12,36,39,-0.3174874371859297
8.604938271604938,2,190,0,36,0.5,0.699497487437186,0.3624161073825503,995,28,41,32,-0.2884422110552764
8.54320987654321,3,185,0,36,0.6,0.6954773869346733,0.38741721854304634,995,12,56,12,-0.5558793969849246
5.515151515151516,2,52,2,37,0.1,0.1829145728643216,0.49514563106796117,119,37,3,249,0.150854271356784
7.254237288135593,9,106,3,37,0.2,0.42814070351758793,0.4207650273224044,361,13,21,96,-0.7365829145728642
6.805825242718447,7,251,22,37,0.3,0.7035175879396985,0.14625850340136054,995,20,29,84,-0.6302512562814071
8.0,7,223,8,37,0.4,0.7386934673366834,0.138996138996139,993,24,31,52,-0.6625125628140704
8.126436781609195,8,196,0,37,0.5,0.7095477386934673,0.3194444444444444,995,12,30,23,-0.7819095477386936
8.8,6,176,0,37,0.6,0.7065326633165829,0.3951890034364261,995,12,40,25,-0.6923618090452263
6.892857142857143,2,47,0,38,0.1,0.19195979899497487,0.5104166666666666,136,19,4,194,0.13959798994974884
6.202702702702703,2,161,19,38,0.2,0.46030150753768845,0.25806451612903225,511,12,18,123,-0.007437185929648175
6.79047619047619,14,244,16,38,0.3,0.714572864321608,0.13780918727915195,995,25,28,80,-1.327035175879397
7.778947368421052,9,223,6,38,0.4,0.7407035175879397,0.13229571984435798,995,29,39,46,-0.9500502512562814
8.133333333333333,4,215,3,38,0.5,0.7336683417085427,0.1856060606060606,995,19,35,47,-0.4251256281407036
8.766233766233766,4,171,0,38,0.6,0.6773869346733669,0.465625,995,29,47,7,-0.5611055276381909
6.888888888888889,2,28,0,39,0.1,0.12462311557788945,0.5254237288135594,72,12,2,194,0.16140703517587943
7.613636363636363,1,77,0,39,0.2,0.33668341708542715,0.4460431654676259,266,34,9,124,0.1833165829145729
7.03960396039604,10,238,17,39,0.3,0.714572864321608,0.15901060070671377,995,23,33,74,-0.9718592964824121
7.153061224489796,6,255,26,39,0.4,0.7035175879396985,0.1326530612244898,995,31,42,72,-0.6840201005025126
8.475609756097562,6,206,0,39,0.5,0.6974874371859296,0.31333333333333335,995,32,32,22,-0.5890452261306532
8.8375,4,175,0,39,0.6,0.7085427135678392,0.3944636678200692,995,12,41,20,-0.49969849246231157
6.703703703703703,1,43,2,40,0.1,0.18090452261306533,0.5222222222222223,107,12,4,191,0.24010050251256285
8.30952380952381,5,65,0,40,0.2,0.349748743718593,0.3867924528301887,180,13,6,78,-0.1866331658291456
7.0,10,236,13,40,0.3,0.7105527638190955,0.17770034843205576,995,20,38,81,-1.0316582914572865
7.760869565217392,5,234,9,40,0.4,0.714572864321608,0.09652509652509653,955,21,33,45,-0.4974874371859296
8.54320987654321,10,196,0,40,0.5,0.6934673366834171,0.35526315789473684,995,13,34,30,-1.0250251256281409
8.753086419753087,2,191,0,40,0.6,0.7125628140703517,0.3298245614035088,995,12,42,18,-0.3112562814070352
5.933333333333334,0,23,2,41,0.1,0.08944723618090453,0.6166666666666667,64,18,2,172,0.3612060301507538
6.851063829787234,2,79,2,41,0.2,0.3236180904522613,0.4233576642335766,203,16,9,86,0.08190954773869352
6.401869158878505,6,266,22,41,0.3,0.6874371859296482,0.13915857605177995,993,12,24,97,-0.4737688442211055
7.316326530612245,7,239,8,41,0.4,0.7195979899497488,0.14028776978417265,995,12,42,66,-0.7740703517587939
7.869565217391305,8,220,1,41,0.5,0.7256281407035176,0.19117647058823528,995,13,29,42,-0.7654271356783918
9.67142857142857,3,150,0,41,0.6,0.678391959798995,0.5297805642633229,995,12,27,3,-0.2673366834170855
6.4,2,37,0,42,0.1,0.15979899497487438,0.5697674418604651,111,11,1,202,0.16582914572864327
5.87719298245614,3,116,16,42,0.2,0.33467336683417087,0.2564102564102564,334,31,6,126,0.008944723618090487
5.683760683760684,12,273,31,42,0.3,0.6673366834170854,0.16257668711656442,980,36,30,144,-1.1346733668341709
6.9405940594059405,4,255,15,42,0.4,0.7035175879396985,0.1326530612244898,995,44,48,58,-0.5409045226130653
7.956043956043956,7,239,2,42,0.5,0.7266331658291457,0.11481481481481481,989,10,28,29,-0.6515577889447236
8.506024096385541,2,184,0,42,0.6,0.7095477386934673,0.3611111111111111,995,20,49,12,-0.37979899497487435
6.588235294117647,1,47,1,43,0.1,0.22512562814070353,0.53,117,19,8,187,0.208140703517588
7.0,3,105,7,43,0.2,0.4221105527638191,0.38596491228070173,359,18,14,125,-0.0633165829145728
6.566037735849057,8,251,13,43,0.3,0.6984924623115578,0.1605351170568562,995,16,39,73,-0.8341708542713567
7.804347826086956,8,235,11,43,0.4,0.7206030150753768,0.15162454873646208,995,12,38,53,-0.8445226130653267
7.954545454545454,4,221,5,43,0.5,0.7025125628140704,0.25084745762711863,995,12,30,37,-0.37216080402010043
9.013157894736842,3,178,0,43,0.6,0.6874371859296482,0.4258064516129032,995,12,37,9,-0.3606030150753769
6.923076923076923,0,20,0,44,0.1,0.09045226130653267,0.6153846153846154,65,18,3,216,0.34783919597989954
7.588235294117647,6,96,12,44,0.2,0.38894472361809046,0.3924050632911392,347,21,14,115,-0.3720603015075376
7.43298969072165,13,241,18,44,0.3,0.7226130653266332,0.12363636363636364,990,54,34,82,-1.2757788944723618
7.978021978021978,4,227,4,44,0.4,0.7286432160804021,0.149812734082397,988,12,34,44,-0.4030150753768844
8.011627906976743,7,210,0,44,0.5,0.6914572864321608,0.3137254901960784,995,33,37,41,-0.7480402010050253
9.094594594594595,2,170,0,44,0.6,0.6753768844221105,0.4720496894409938,995,12,43,15,-0.3229145728643216
6.333333333333333,2,46,1,45,0.1,0.17185929648241205,0.5353535353535354,116,17,4,190,0.1419095477386936
5.657894736842105,10,276,40,45,0.2,0.6472361809045226,0.1182108626198083,881,12,17,140,-0.8068341708542713
7.154639175257732,4,239,20,45,0.3,0.6964824120603015,0.20066889632107024,991,25,29,83,-0.331859296482412
7.978021978021978,4,228,5,45,0.4,0.7286432160804021,0.1524163568773234,995,16,39,39,-0.4473366834170854
8.4,4,206,0,45,0.5,0.7165829145728643,0.2669039145907473,995,13,39,26,-0.4672361809045227
8.865853658536585,1,194,0,45,0.6,0.7296482412060301,0.27611940298507465,995,19,45,11,-0.23517587939698492
7.0,4,49,1,46,0.1,0.21105527638190955,0.5775862068965517,130,43,7,188,-0.08763819095477378
6.75,4,99,6,46,0.2,0.37889447236180906,0.37341772151898733,296,12,6,114,-0.0841206030150753
7.242424242424242,9,232,17,46,0.3,0.7195979899497488,0.16546762589928057,995,13,27,78,-0.8126633165829147
7.967032967032967,8,227,12,46,0.4,0.7276381909547739,0.15925925925925927,994,35,29,50,-0.7540703517587939
8.619047619047619,6,210,4,46,0.5,0.7256281407035176,0.22794117647058823,995,21,31,34,-0.5761809045226132
8.518518518518519,1,191,0,46,0.6,0.6904522613065327,0.3778501628664495,995,13,35,13,-0.1382914572864322
6.714285714285714,1,46,3,47,0.1,0.18894472361809045,0.5257731958762887,110,24,6,210,0.22804020100502526
7.76,3,100,4,47,0.2,0.38994974874371857,0.3464052287581699,324,40,10,144,-0.027839195979899416
7.552083333333333,5,226,7,47,0.3,0.7286432160804021,0.15985130111524162,995,12,32,52,-0.4734673366834171
7.329896907216495,5,245,14,47,0.4,0.7125628140703517,0.14035087719298245,995,17,39,59,-0.5413065326633167
8.6625,9,198,2,47,0.5,0.6964824120603015,0.34219269102990035,995,12,27,27,-0.8472361809045227
9.15,4,120,0,47,0.6,0.5507537688442211,0.7309417040358744,995,12,35,10,-0.43879396984924623
6.71875,3,51,3,48,0.1,0.21608040201005024,0.43333333333333335,112,25,2,204,0.06080402010050263
7.032258064516129,1,121,6,48,0.2,0.4381909547738693,0.30057803468208094,364,12,17,90,0.10783919597989952
7.07,4,241,16,48,0.3,0.7095477386934673,0.16319444444444445,991,20,32,81,-0.3592964824120604
7.627659574468085,6,240,12,48,0.4,0.7195979899497488,0.1366906474820144,994,12,40,65,-0.6575879396984925
8.03896103896104,8,173,0,48,0.5,0.6201005025125628,0.5411140583554377,995,12,41,41,-0.8863316582914573
8.506024096385541,5,186,1,48,0.6,0.7085427135678392,0.356401384083045,995,22,35,19,-0.5350753768844222
7.130434782608695,2,37,0,49,0.1,0.16482412060301507,0.5194805194805194,94,12,5,196,0.13085427135678396
6.5,1,40,0,49,0.2,0.15678391959798996,0.3220338983050847,129,25,5,102,0.22261306532663322
6.796116504854369,9,245,12,49,0.3,0.7025125628140704,0.1522491349480969,970,25,32,75,-0.8629145728643216
7.670212765957447,8,229,7,49,0.4,0.7236180904522613,0.16423357664233576,995,12,31,53,-0.7698492462311558
8.211764705882352,5,220,0,49,0.5,0.699497487437186,0.26174496644295303,995,27,43,24,-0.6040201005025126
9.25974025974026,6,178,0,49,0.6,0.7155778894472362,0.36879432624113473,995,12,39,24,-0.6781909547738694
6.92,3,35,0,50,0.1,0.17386934673366833,0.5833333333333334,107,12,4,246,0.04582914572864337
8.130434782608695,6,65,0,50,0.2,0.3758793969849246,0.5038167938931297,231,12,17,81,-0.40170854271356776
6.881188118811881,6,254,15,50,0.3,0.6974874371859296,0.1447811447811448,987,13,28,75,-0.5249246231155779
7.752688172043011,9,232,7,50,0.4,0.7236180904522613,0.15328467153284672,995,13,38,51,-0.9382914572864323
9.052631578947368,9,178,0,50,0.5,0.6904522613065327,0.4201954397394137,995,12,39,19,-0.9698492462311559
9.365079365079366,4,119,0,50,0.6,0.5919597989949749,0.7061728395061728,995,12,36,3,-0.44522613065326644
7.513513513513513,0,59,2,51,0.1,0.2793969849246231,0.4215686274509804,135,38,12,181,0.26512562814070356
6.833333333333333,2,54,1,51,0.2,0.24623115577889448,0.3793103448275862,137,22,7,84,0.10231155778894482
6.930693069306931,4,244,19,51,0.3,0.7025125628140704,0.17288135593220338,986,19,30,81,-0.3331658291457286
7.326530612244898,8,242,14,51,0.4,0.721608040201005,0.12318840579710146,995,12,36,73,-0.818994974874372
8.188235294117646,10,208,1,51,0.5,0.6984924623115578,0.30434782608695654,994,12,44,30,-1.1150753768844222
9.36231884057971,6,155,0,51,0.6,0.6482412060301508,0.5558739255014327,995,18,28,8,-0.5761809045226131
7.32258064516129,2,51,5,52,0.1,0.22814070351758794,0.5188679245283019,157,12,6,166,0.12321608040201017
7.059701492537314,3,133,7,52,0.2,0.47537688442211057,0.2962962962962963,431,16,14,95,-0.06562814070351748
6.75,12,250,25,52,0.3,0.7035175879396985,0.14965986394557823,995,19,32,103,-1.1559798994974877
8.122222222222222,9,236,2,52,0.4,0.7316582914572864,0.11278195488721804,995,36,28,41,-0.8327638190954775
8.261363636363637,5,212,0,52,0.5,0.7296482412060301,0.208955223880597,995,13,40,33,-0.5695477386934674
8.78048780487805,4,186,0,52,0.6,0.7226130653266332,0.3236363636363636,995,23,46,25,-0.5436180904522614
7.103448275862069,1,51,2,53,0.1,0.207035175879397,0.5363636363636364,132,18,4,210,0.24030150753768847
7.5,2,77,6,53,0.2,0.3758793969849246,0.45,253,12,16,86,0.007939698492462389
6.796116504854369,5,250,15,53,0.3,0.7025125628140704,0.15254237288135594,995,13,32,84,-0.4601005025125628
7.73404255319149,5,231,5,53,0.4,0.7296482412060301,0.13805970149253732,995,23,38,51,-0.5418090452261307
8.63855421686747,9,185,0,53,0.5,0.7206030150753768,0.33212996389891697,995,26,38,28,-0.9614070351758796
9.012658227848101,5,191,0,53,0.6,0.714572864321608,0.3250883392226148,995,19,38,7,-0.5721608040201006
7.375,0,35,0,54,0.1,0.17788944723618091,0.5512820512820513,102,13,5,200,0.3329648241206031
6.522222222222222,3,211,13,54,0.2,0.5899497487437186,0.156,734,12,16,114,-0.08221105527638187
7.08080808080808,6,259,19,54,0.3,0.7015075376884422,0.12203389830508475,993,12,46,81,-0.7012060301507538
6.728155339805825,8,253,18,54,0.4,0.6954773869346733,0.16225165562913907,995,12,27,82,-0.7318592964824121
8.123595505617978,4,235,5,54,0.5,0.7266331658291457,0.13284132841328414,989,31,39,36,-0.46241206030150755
9.175,6,182,0,54,0.6,0.7366834170854272,0.30268199233716475,995,22,36,11,-0.65035175879397
6.620689655172414,1,38,0,55,0.1,0.192964824120603,0.5957446808510638,112,31,4,169,0.246532663316583
7.854166666666667,5,74,0,55,0.2,0.37889447236180906,0.4263565891472868,206,10,16,101,-0.28673366834170844
7.08,7,241,19,55,0.3,0.7095477386934673,0.16319444444444445,993,11,32,76,-0.6549748743718593
7.670212765957447,10,236,8,55,0.4,0.7236180904522613,0.1386861313868613,988,36,35,46,-1.0152763819095478
8.505882352941176,8,200,0,55,0.5,0.7236180904522613,0.27007299270072993,995,12,41,35,-0.8923618090452262
8.897435897435898,6,166,0,55,0.6,0.6964824120603015,0.4485049833887043,995,12,43,17,-0.7125628140703517
8.166666666666666,2,36,1,56,0.1,0.19698492462311556,0.6170212765957447,134,13,5,131,0.1313567839195981
6.627118644067797,1,92,7,56,0.2,0.39095477386934674,0.39869281045751637,299,23,14,101,0.134070351758794
6.523809523809524,11,256,17,56,0.3,0.6874371859296482,0.17419354838709677,995,31,37,96,-1.1095477386934673
7.568421052631579,3,235,11,56,0.4,0.721608040201005,0.14855072463768115,994,12,28,67,-0.24442211055276386
8.709302325581396,6,206,1,56,0.5,0.749748743718593,0.1693548387096774,995,13,52,44,-0.7938693467336684
9.243243243243244,4,168,0,56,0.6,0.6864321608040201,0.45980707395498394,995,12,59,6,-0.6854271356783921
7.666666666666667,4,52,0,57,0.1,0.2542713567839196,0.5,164,19,9,165,-0.10894472361809028
6.837209302325581,1,82,3,57,0.2,0.29547738693467335,0.2807017543859649,278,13,11,72,0.16683417085427135
6.412844036697248,9,257,23,57,0.3,0.700502512562814,0.13175675675675674,991,16,37,98,-0.9104522613065328
7.0495049504950495,8,253,11,57,0.4,0.714572864321608,0.10600706713780919,992,25,35,66,-0.809246231155779
8.176470588235293,5,191,2,57,0.5,0.6974874371859296,0.36333333333333334,995,25,49,34,-0.6663316582914572
9.116883116883116,7,165,0,57,0.6,0.7045226130653266,0.43686006825938567,995,20,36,10,-0.7534673366834171
6.925925925925926,1,36,2,58,0.1,0.1879396984924623,0.6288659793814433,126,13,2,139,0.2620100502512564
6.839285714285714,4,108,5,58,0.2,0.38391959798994973,0.32919254658385094,314,22,15,102,-0.17216080402010042
6.444444444444445,10,246,15,58,0.3,0.6984924623115578,0.10545454545454545,958,12,31,88,-0.9511557788944724
7.763440860215054,9,235,5,58,0.4,0.7236180904522613,0.14233576642335766,994,12,32,48,-0.8855276381909547
8.457831325301205,8,200,1,58,0.5,0.7045226130653266,0.3174061433447099,995,23,41,28,-0.8864321608040201
9.466666666666667,3,117,0,58,0.6,0.5688442211055277,0.7266355140186916,993,12,38,3,-0.3732663316582915
6.6,3,54,5,59,0.1,0.19798994974874373,0.5344827586206896,123,24,2,202,0.06090452261306542
6.608695652173913,2,78,0,59,0.2,0.3055276381909548,0.4967741935483871,232,12,12,96,0.052361809045226214
6.243243243243243,8,254,25,59,0.3,0.6954773869346733,0.13898305084745763,983,11,26,101,-0.7016080402010052
8.238636363636363,10,224,7,59,0.4,0.7266331658291457,0.17343173431734318,995,19,25,35,-0.9038190954773871
8.621951219512194,7,197,1,59,0.5,0.7095477386934673,0.3159722222222222,995,13,40,22,-0.7735678391959799
8.901234567901234,5,186,0,59,0.6,0.7236180904522613,0.32116788321167883,995,12,40,12,-0.588241206030151
8.321428571428571,2,45,0,60,0.1,0.23316582914572864,0.5,121,24,7,162,0.11045226130653275
7.896551724137931,2,127,10,60,0.2,0.4592964824120603,0.2529411764705882,392,12,15,105,0.022211055276381977
7.089108910891089,10,236,7,60,0.3,0.7165829145728643,0.1601423487544484,995,12,33,57,-0.9742713567839196
6.857142857142857,9,233,13,60,0.4,0.7226130653266332,0.15272727272727274,995,19,41,78,-0.9727638190954773
8.777777777777779,5,209,0,60,0.5,0.7135678391959799,0.2640845070422535,995,12,51,20,-0.6904522613065327
9.082191780821917,1,144,0,60,0.6,0.6653266331658292,0.5662650602409639,995,36,37,6,-0.16160804020100508
6.884615384615385,0,41,0,61,0.1,0.1798994974874372,0.5340909090909091,112,13,2,158,0.36110552763819104
6.806451612903226,5,127,6,61,0.2,0.42311557788944726,0.21604938271604937,428,19,17,124,-0.2906532663316582
7.173469387755102,8,252,14,61,0.3,0.7055276381909548,0.13402061855670103,993,12,28,71,-0.7261306532663316
7.913043478260869,8,239,7,61,0.4,0.7306532663316583,0.10486891385767791,995,13,37,48,-0.8289447236180904
7.8522727272727275,5,209,0,61,0.5,0.6924623115577889,0.31475409836065577,995,12,33,32,-0.5107537688442212
9.24,2,175,0,61,0.6,0.6954773869346733,0.4205298013245033,995,13,42,8,-0.30954773869346736
7.636363636363637,2,45,0,62,0.1,0.25326633165829143,0.5360824742268041,133,16,4,165,0.14492462311557794
6.7272727272727275,8,164,7,62,0.2,0.5206030150753769,0.2838427947598253,646,15,20,101,-0.6213065326633165
6.071428571428571,9,262,25,62,0.3,0.6824120603015076,0.16825396825396827,994,19,35,109,-0.8898492462311559
7.360824742268041,12,238,17,62,0.4,0.7165829145728643,0.15302491103202848,995,31,35,68,-1.215075376884422
8.385542168674698,2,213,0,62,0.5,0.6984924623115578,0.28762541806020064,995,12,36,28,-0.234070351758794
8.75,4,175,0,62,0.6,0.7025125628140704,0.4067796610169492,995,12,44,16,-0.5294472361809046
6.62962962962963,6,44,2,63,0.1,0.1798994974874372,0.47619047619047616,104,12,5,179,-0.27597989949748725
7.488888888888889,6,76,0,63,0.2,0.33869346733668343,0.44525547445255476,212,12,14,127,-0.37135678391959787
5.431034482758621,8,279,30,63,0.3,0.6321608040201006,0.16716417910447762,955,20,23,125,-0.6647236180904522
7.877777777777778,5,227,9,63,0.4,0.7115577889447237,0.2062937062937063,995,12,28,53,-0.4435175879396984
8.621951219512194,5,199,0,63,0.5,0.7095477386934673,0.3090277777777778,995,22,33,27,-0.5051256281407035
9.0,4,177,0,63,0.6,0.6763819095477387,0.4485981308411215,995,18,49,10,-0.5841206030150752
6.354838709677419,0,46,2,64,0.1,0.19698492462311556,0.47126436781609193,99,13,7,217,0.3122613065326634
7.314285714285714,2,53,0,64,0.2,0.2562814070351759,0.5092592592592593,171,25,7,110,0.1029145728643217
6.8076923076923075,7,244,13,64,0.3,0.7095477386934673,0.1527777777777778,995,24,24,93,-0.5776884422110552
7.421052631578948,3,229,7,64,0.4,0.7075376884422111,0.2103448275862069,995,14,27,51,-0.2322613065326633
8.831168831168831,2,180,0,64,0.5,0.6824120603015076,0.42857142857142855,995,20,45,25,-0.33085427135678397
9.0,3,149,0,64,0.6,0.6050251256281407,0.6198979591836735,995,15,25,11,-0.24180904522613067
5.157894736842105,1,26,1,65,0.1,0.09849246231155778,0.5666666666666667,64,12,1,244,0.27105527638190957
7.344827586206897,3,109,2,65,0.2,0.42814070351758793,0.3271604938271605,343,44,10,110,-0.027035175879396918
6.801980198019802,8,251,26,65,0.3,0.6874371859296482,0.19032258064516128,995,12,32,101,-0.7579899497487438
7.255102040816326,4,250,9,65,0.4,0.7135678391959799,0.11971830985915492,992,28,30,52,-0.36281407035175883
8.068181818181818,8,213,0,65,0.5,0.7125628140703517,0.25263157894736843,995,17,34,35,-0.8150753768844222
9.333333333333334,3,189,0,65,0.6,0.7306532663316583,0.29213483146067415,995,22,40,15,-0.38562814070351764
6.8,1,46,2,66,0.1,0.2050251256281407,0.5106382978723404,120,12,4,229,0.2445226130653267
7.5,5,73,0,66,0.2,0.3457286432160804,0.4552238805970149,197,12,14,117,-0.2678391959798994
5.827586206896552,6,282,29,66,0.3,0.678391959798995,0.11598746081504702,995,13,31,121,-0.5401005025125628
7.891304347826087,11,229,4,66,0.4,0.7286432160804021,0.14869888475836432,995,13,35,45,-1.1125628140703518
7.8478260869565215,6,234,4,66,0.5,0.7226130653266332,0.14909090909090908,995,13,46,31,-0.7385929648241207
9.092105263157896,3,171,0,66,0.6,0.6934673366834171,0.4375,995,22,30,12,-0.2932663316582915
6.8125,2,52,0,67,0.1,0.21909547738693466,0.514018691588785,132,45,6,195,0.11939698492462321
6.1,0,54,1,67,0.2,0.1829145728643216,0.21739130434782608,173,12,9,93,0.27949748743718594
6.796116504854369,12,254,22,67,0.3,0.7025125628140704,0.13898305084745763,995,16,27,93,-1.114070351758794
7.831578947368421,4,229,6,67,0.4,0.7457286432160805,0.09126984126984126,995,16,30,51,-0.355175879396985
8.247191011235955,7,228,4,67,0.5,0.7366834170854272,0.12643678160919541,995,19,42,31,-0.797386934673367
8.935897435897436,3,167,0,67,0.6,0.699497487437186,0.4395973154362416,995,22,27,6,-0.2649246231155779
5.580645161290323,0,56,2,68,0.1,0.17386934673366833,0.46153846153846156,141,28,3,194,0.34954773869346734
7.857142857142857,2,66,2,68,0.2,0.3869346733668342,0.45901639344262296,205,12,20,100,-0.027638190954773812
6.9504950495049505,9,253,23,68,0.3,0.7045226130653266,0.13651877133105803,995,19,35,82,-0.8856281407035176
7.663157894736842,6,225,8,68,0.4,0.7316582914572864,0.15413533834586465,995,19,43,52,-0.692964824120603
8.75609756097561,9,183,1,68,0.5,0.7206030150753768,0.33935018050541516,995,12,40,18,-0.9852261306532665
8.705128205128204,7,177,0,68,0.6,0.6814070351758794,0.439873417721519,995,12,34,15,-0.7327638190954775
6.9375,0,23,0,69,0.1,0.11155778894472362,0.5964912280701754,76,18,4,183,0.33989949748743725
7.254545454545455,7,92,2,69,0.2,0.40100502512562813,0.352112676056338,246,54,15,71,-0.48110552763819076
7.108910891089109,13,239,18,69,0.3,0.7206030150753768,0.1371841155234657,995,22,20,83,-1.1385929648241206
7.903225806451613,12,230,11,69,0.4,0.7366834170854272,0.11877394636015326,994,16,32,54,-1.185527638190955
8.607142857142858,5,213,0,69,0.5,0.7266331658291457,0.2140221402214022,995,32,47,21,-0.640502512562814
8.9125,8,180,0,69,0.6,0.7155778894472362,0.3617021276595745,995,35,36,11,-0.8517587939698492
7.1875,4,52,0,70,0.1,0.23115577889447236,0.48,148,14,6,185,-0.08020100502512549
6.950819672131147,2,126,11,70,0.2,0.42613065326633165,0.29213483146067415,412,15,12,98,0.04793969849246227
6.6,11,231,23,70,0.3,0.6623115577889447,0.1348314606741573,866,12,17,100,-0.9066331658291457
7.978260869565218,4,229,2,70,0.4,0.7366834170854272,0.12260536398467432,995,13,39,38,-0.4414070351758794
8.702380952380953,4,213,2,70,0.5,0.7336683417085427,0.19318181818181818,995,17,50,31,-0.5645226130653267
9.169491525423728,7,128,0,70,0.6,0.542713567839196,0.7180616740088106,995,12,24,10,-0.6296482412060302
7.823529411764706,3,49,0,71,0.1,0.26733668341708544,0.4787234042553192,137,18,10,174,-0.020904522613065194
7.90566037735849,3,85,3,71,0.2,0.421105527638191,0.3971631205673759,313,32,19,117,-0.1133668341708542
6.6571428571428575,10,255,15,71,0.3,0.700502512562814,0.13851351351351351,993,17,24,81,-0.8790954773869347
7.71578947368421,10,223,14,71,0.4,0.735678391959799,0.14885496183206107,995,13,46,54,-1.1251256281407036
8.159090909090908,5,209,0,71,0.5,0.7206030150753768,0.24548736462093862,995,12,37,30,-0.5473366834170855
9.4,6,142,0,71,0.6,0.6603015075376885,0.5786350148367952,995,50,30,17,-0.5955778894472363
7.435897435897436,0,66,0,72,0.1,0.2914572864321608,0.3592233009708738,151,13,9,139,0.2975879396984925
8.25,4,71,0,72,0.2,0.36381909547738694,0.39316239316239315,194,12,5,78,-0.08130653266331647
6.6923076923076925,5,252,24,72,0.3,0.699497487437186,0.14864864864864866,987,17,32,90,-0.4574874371859297
7.291666666666667,5,236,9,72,0.4,0.7025125628140704,0.2,995,36,33,47,-0.48994974874371866
8.72972972972973,2,156,0,72,0.5,0.6482412060301508,0.5530085959885387,995,13,36,38,-0.2359798994974875
8.821917808219178,3,160,0,72,0.6,0.6462311557788945,0.5441595441595442,995,19,25,13,-0.2405025125628141
7.583333333333333,3,43,1,73,0.1,0.1829145728643216,0.532608695652174,110,11,5,209,0.0329648241206031
6.666666666666667,3,61,2,73,0.2,0.2814070351758794,0.46956521739130436,169,12,14,104,-0.06452261306532647
6.726415094339623,4,253,19,73,0.3,0.7135678391959799,0.10915492957746478,995,18,32,78,-0.3554773869346734
6.950980392156863,11,248,9,73,0.4,0.7115577889447237,0.13286713286713286,995,13,35,67,-1.0998994974874372
8.8,6,199,0,73,0.5,0.7507537688442211,0.19433198380566802,995,12,37,14,-0.645427135678392
8.354430379746836,4,178,0,73,0.6,0.6623115577889447,0.46865671641791046,995,20,40,12,-0.4893467336683417
7.428571428571429,2,40,1,74,0.1,0.20904522613065327,0.5555555555555556,125,13,5,170,0.13477386934673372
6.979591836734694,1,72,0,74,0.2,0.3437185929648241,0.47058823529411764,213,16,12,106,0.15839195979899506
7.819148936170213,9,226,4,74,0.3,0.7376884422110552,0.13076923076923078,995,12,32,55,-0.8693467336683418
7.956043956043956,6,227,6,74,0.4,0.7266331658291457,0.16236162361623616,995,21,31,44,-0.5666331658291457
8.890243902439025,3,208,1,74,0.5,0.7316582914572864,0.21804511278195488,995,12,42,21,-0.3990954773869347
9.103896103896103,7,183,0,74,0.6,0.7035175879396985,0.37755102040816324,995,33,48,7,-0.8689447236180905
7.444444444444445,2,47,2,75,0.1,0.2020100502512563,0.47191011235955055,122,16,6,210,0.12070351758793975
7.823529411764706,1,55,0,75,0.2,0.26733668341708544,0.47619047619047616,154,12,10,145,0.17175879396984928
7.0,13,244,18,75,0.3,0.7025125628140704,0.14982578397212543,965,24,24,89,-1.1766834170854272
7.354166666666667,6,236,14,75,0.4,0.7085427135678392,0.18339100346020762,995,12,26,75,-0.5138693467336685
8.865853658536585,2,215,0,75,0.5,0.7296482412060301,0.19776119402985073,995,13,38,16,-0.26040201005025126
8.904109589041095,6,159,0,75,0.6,0.6522613065326633,0.5391304347826087,995,17,39,5,-0.6903517587939698
7.4,5,72,4,76,0.1,0.2964824120603015,0.38461538461538464,164,19,10,149,-0.21638190954773864
6.6125,2,167,9,76,0.2,0.5306532663316583,0.2544642857142857,604,23,21,99,-0.03638190954773867
6.821782178217822,9,258,20,76,0.3,0.6924623115577889,0.1540983606557377,995,13,24,78,-0.7744723618090452
7.275510204081633,7,243,11,76,0.4,0.7155778894472362,0.13829787234042554,995,12,32,59,-0.6742713567839197
8.48235294117647,3,205,0,76,0.5,0.7236180904522613,0.2518248175182482,995,18,48,36,-0.45527638190954767
8.703703703703704,4,188,0,76,0.6,0.7075376884422111,0.35172413793103446,995,28,48,21,-0.5721608040201005
7.782608695652174,3,33,0,77,0.1,0.1798994974874372,0.5822784810126582,107,11,5,194,0.028643216080402153
7.191489361702128,3,69,0,77,0.2,0.33969849246231154,0.5071428571428571,202,15,13,87,-0.05427135678391951
6.8431372549019605,12,259,30,77,0.3,0.700502512562814,0.12794612794612795,995,24,26,98,-1.1032160804020101
7.967032967032967,7,229,6,77,0.4,0.7256281407035176,0.15808823529411764,995,34,31,42,-0.6706532663316583
8.174418604651162,7,216,3,77,0.5,0.7055276381909548,0.2602739726027397,994,12,25,38,-0.6262311557788945
8.8,4,186,0,77,0.6,0.7065326633165829,0.36082474226804123,995,23,40,16,-0.48150753768844223
6.53125,2,50,2,78,0.1,0.2100502512562814,0.5454545454545454,141,27,8,195,0.09738693467336695
6.012345679012346,1,170,14,78,0.2,0.4894472361809045,0.22018348623853212,516,24,17,111,0.105427135678392
6.523809523809524,9,258,27,78,0.3,0.6874371859296482,0.16774193548387098,989,19,29,104,-0.8412060301507539
7.536842105263158,6,243,13,78,0.4,0.7185929648241206,0.12589928057553956,991,16,35,53,-0.6133668341708544
9.026666666666667,3,155,0,78,0.5,0.6793969849246231,0.5125786163522013,995,15,40,22,-0.37678391959798996
9.161764705882353,5,145,0,78,0.6,0.6251256281407035,0.6102150537634409,995,16,37,10,-0.5597989949748744
6.75,0,42,0,79,0.1,0.1899497487437186,0.5333333333333333,120,12,5,177,0.33226130653266334
7.617021276595745,3,74,1,79,0.2,0.3577889447236181,0.475177304964539,208,12,20,104,-0.12472361809045217
6.330275229357798,8,263,25,79,0.3,0.6934673366834171,0.13486842105263158,985,12,27,116,-0.7122613065326633
7.741935483870968,8,238,7,79,0.4,0.7226130653266332,0.13454545454545455,995,19,39,54,-0.8552763819095477
8.604938271604938,2,202,0,79,0.5,0.699497487437186,0.3221476510067114,995,13,37,24,-0.24361809045226135
9.173333333333334,4,163,0,79,0.6,0.6894472361809045,0.4707792207792208,994,19,44,8,-0.5332663316582915
6.714285714285714,1,41,0,80,0.1,0.18894472361809045,0.5444444444444444,130,13,5,176,0.2323618090452262
6.1923076923076925,4,160,13,80,0.2,0.4844221105527638,0.24528301886792453,534,16,14,122,-0.16864321608040195
6.6571428571428575,7,260,21,80,0.3,0.700502512562814,0.12457912457912458,993,22,33,95,-0.6719597989949749
7.531914893617022,4,243,14,80,0.4,0.7105527638190955,0.15331010452961671,986,25,45,63,-0.511356783919598
8.987179487179487,9,187,0,80,0.5,0.7045226130653266,0.36177474402730375,995,12,50,33,-1.0853266331658293
9.472972972972974,8,165,0,80,0.6,0.7035175879396985,0.4387755102040816,995,64,36,13,-0.852964824120603
8.037037037037036,2,42,0,81,0.1,0.21708542713567838,0.5483870967741935,125,18,7,227,0.11738693467336696
5.693181818181818,6,185,24,81,0.2,0.5035175879396985,0.21940928270042195,600,19,24,136,-0.4706532663316582
7.164948453608248,3,236,13,81,0.3,0.6974874371859296,0.21333333333333335,995,30,29,67,-0.2348743718592964
7.849462365591398,13,224,7,81,0.4,0.7326633165829146,0.15471698113207547,995,12,36,49,-1.3204020100502514
8.471264367816092,11,207,4,81,0.5,0.7396984924623116,0.19767441860465115,995,12,34,32,-1.124924623115578
9.277777777777779,4,159,0,81,0.6,0.6693467336683417,0.5152439024390244,995,19,47,10,-0.5642211055276383
6.4411764705882355,2,48,0,82,0.1,0.2201005025125628,0.5596330275229358,153,12,3,213,0.1569849246231156
6.333333333333333,7,200,23,82,0.2,0.5728643216080402,0.16317991631799164,665,19,21,118,-0.535678391959799
7.232323232323233,4,238,8,82,0.3,0.7175879396984924,0.15,995,12,34,55,-0.38241206030150754
7.121212121212121,9,240,15,82,0.4,0.7085427135678392,0.1695501730103806,995,12,34,70,-0.892462311557789
8.7,2,197,0,82,0.5,0.6974874371859296,0.3433333333333333,995,13,37,25,-0.2509547738693467
8.819277108433734,4,192,0,82,0.6,0.7326633165829146,0.27547169811320754,995,19,31,20,-0.4020100502512563
7.25,2,53,1,83,0.1,0.23316582914572864,0.49038461538461536,126,20,6,172,0.1254271356783921
7.75,6,92,0,83,0.2,0.43618090452261304,0.352112676056338,321,19,14,95,-0.36502512562814066
7.408163265306122,12,236,17,83,0.3,0.7286432160804021,0.11940298507462686,986,14,26,73,-1.0941708542713569
8.155555555555555,6,221,1,83,0.4,0.7366834170854272,0.14007782101167315,985,12,41,28,-0.6723618090452261
8.623529411764705,6,202,1,83,0.5,0.735678391959799,0.22900763358778625,995,12,35,27,-0.6300502512562814
9.243589743589743,7,185,0,83,0.6,0.7246231155778895,0.32234432234432236,995,12,49,9,-0.8768844221105527
7.25,3,57,0,84,0.1,0.2623115577889447,0.47706422018348627,183,29,7,179,0.008241206030150884
7.82051282051282,2,63,0,84,0.2,0.3065326633165829,0.5333333333333333,199,13,15,119,0.020402010050251326
7.04,6,249,17,84,0.3,0.7065326633165829,0.14432989690721648,982,76,26,74,-0.504321608040201
7.2,9,241,15,84,0.4,0.7226130653266332,0.12363636363636364,995,22,45,65,-1.0143718592964825
8.654320987654321,7,191,0,84,0.5,0.7045226130653266,0.34812286689419797,995,12,31,35,-0.6826130653266332
8.567901234567902,6,184,0,84,0.6,0.6964824120603015,0.38870431893687707,992,16,48,12,-0.775678391959799
6.666666666666667,0,52,2,85,0.1,0.2201005025125628,0.5094339622641509,126,17,3,188,0.35437185929648246
7.372549019607843,4,91,3,85,0.2,0.3778894472361809,0.3157894736842105,294,16,11,103,-0.14814070351758785
6.099099099099099,6,277,30,85,0.3,0.6793969849246231,0.1289308176100629,992,33,34,126,-0.5808040201005025
7.5473684210526315,12,232,6,85,0.4,0.7185929648241206,0.16845878136200718,995,18,37,56,-1.2375879396984926
8.179775280898877,5,216,5,85,0.5,0.7306532663316583,0.19101123595505617,994,12,38,40,-0.5463316582914574
9.24,4,164,0,85,0.6,0.6954773869346733,0.45695364238410596,995,20,34,9,-0.436281407035176
7.5,0,41,0,86,0.1,0.19597989949748743,0.6132075471698113,132,12,4,164,0.3405025125628141
6.6,5,115,12,86,0.2,0.4301507537688442,0.3465909090909091,355,21,15,121,-0.27899497487437175
6.283185840707965,7,257,23,86,0.3,0.7125628140703517,0.09824561403508772,994,18,26,97,-0.5996984924623115
7.371134020618556,8,228,11,86,0.4,0.7175879396984924,0.18571428571428572,995,18,33,68,-0.7949748743718593
8.694117647058823,7,213,0,86,0.5,0.7417085427135678,0.16796875,995,19,40,20,-0.7746733668341708
9.135135135135135,6,161,0,86,0.6,0.6793969849246231,0.4937106918238994,995,12,44,5,-0.7289447236180905
7.481481481481482,3,37,3,87,0.1,0.2020100502512563,0.5934065934065934,119,12,4,171,0.04623115577889458
7.651162790697675,2,71,2,87,0.2,0.3306532663316583,0.4274193548387097,199,12,12,94,0.052261306532663344
6.576923076923077,7,256,20,87,0.3,0.685427135678392,0.1715210355987055,979,12,35,84,-0.6885427135678392
7.381443298969073,8,241,4,87,0.4,0.7195979899497488,0.13309352517985612,993,18,29,52,-0.7499497487437187
9.0,5,197,4,87,0.5,0.7316582914572864,0.2593984962406015,995,32,49,22,-0.6587939698492462
8.975308641975309,5,175,0,87,0.6,0.7296482412060301,0.34701492537313433,995,12,41,18,-0.5998994974874372
7.625,4,32,2,88,0.1,0.18391959798994975,0.6444444444444445,128,31,5,189,-0.06884422110552753
7.433962264150943,5,75,0,88,0.2,0.39597989949748746,0.4444444444444444,224,38,10,79,-0.2279396984924622
7.412371134020619,6,232,9,88,0.3,0.721608040201005,0.15942028985507245,995,12,31,49,-0.546532663316583
7.627659574468085,5,236,17,88,0.4,0.7195979899497488,0.1510791366906475,995,12,38,59,-0.5334673366834171
8.74698795180723,2,206,0,88,0.5,0.7286432160804021,0.2342007434944238,992,18,36,19,-0.24070351758793976
9.541666666666666,10,170,0,88,0.6,0.6904522613065327,0.44625407166123776,995,43,43,7,-1.1285427135678392
9.1,4,29,2,89,0.1,0.1829145728643216,0.6133333333333333,108,18,3,180,-0.05216080402010044
6.752941176470588,6,208,19,89,0.2,0.5758793969849246,0.15447154471544716,695,13,21,105,-0.43678391959798996
6.321100917431193,7,261,17,89,0.3,0.6904522613065327,0.13861386138613863,985,12,26,85,-0.6030150753768844
7.752688172043011,7,232,14,89,0.4,0.7246231155778895,0.15018315018315018,995,25,43,62,-0.7852261306532664
8.72289156626506,8,206,0,89,0.5,0.7256281407035176,0.2426470588235294,995,25,55,23,-1.023718592964824
8.939024390243903,3,200,0,89,0.6,0.735678391959799,0.2366412213740458,995,32,36,14,-0.34281407035175887
7.392857142857143,1,49,0,90,0.1,0.207035175879397,0.5148514851485149,149,12,6,182,0.21738693467336684
6.723076923076923,4,133,11,90,0.2,0.4391959798994975,0.2611111111111111,411,44,21,107,-0.24120603015075365
6.228571428571429,4,258,36,90,0.3,0.6562814070351759,0.16233766233766234,926,18,29,124,-0.3345728643216081
6.214285714285714,5,258,19,90,0.4,0.6984924623115578,0.13712374581939799,995,12,28,87,-0.4284422110552764
8.2,3,205,0,90,0.5,0.699497487437186,0.31208053691275167,995,16,36,39,-0.3418090452261306
8.597402597402597,3,157,0,90,0.6,0.664321608040201,0.5285285285285285,995,12,41,14,-0.4004020100502513
7.148148148148148,1,38,0,91,0.1,0.19396984924623115,0.6082474226804123,117,18,3,161,0.2554773869346735
7.866666666666666,5,74,4,91,0.2,0.35477386934673366,0.44776119402985076,218,10,16,114,-0.28763819095477366
6.108108108108108,7,267,24,91,0.3,0.6804020100502512,0.15772870662460567,995,13,21,107,-0.5514572864321607
7.666666666666667,7,234,16,91,0.4,0.714572864321608,0.17314487632508835,995,12,38,66,-0.748743718592965
8.726190476190476,3,201,0,91,0.5,0.735678391959799,0.23282442748091603,995,15,46,29,-0.4396984924623116
8.91358024691358,5,177,0,91,0.6,0.7246231155778895,0.3516483516483517,995,12,25,9,-0.43839195979899503
6.724137931034483,1,41,0,92,0.1,0.19597989949748743,0.5729166666666666,116,12,6,208,0.22643216080402018
6.288659793814433,7,208,16,92,0.2,0.6130653266331658,0.1746031746031746,740,12,24,105,-0.5672361809045227
6.883495145631068,4,247,19,92,0.3,0.7115577889447237,0.13636363636363635,995,12,28,88,-0.3274371859296483
7.516129032258065,4,241,17,92,0.4,0.7015075376884422,0.1858108108108108,995,13,36,62,-0.4190954773869347
8.170454545454545,3,200,0,92,0.5,0.721608040201005,0.2753623188405797,995,12,48,25,-0.44743718592964826
8.876543209876543,7,188,0,92,0.6,0.721608040201005,0.3188405797101449,995,24,42,22,-0.8033165829145729
6.642857142857143,3,39,0,93,0.1,0.18693467336683417,0.5125,107,12,7,155,0.012261306532663462
7.853658536585366,2,59,0,93,0.2,0.3236180904522613,0.49572649572649574,180,12,6,103,0.11768844221105532
7.255102040816326,11,242,25,93,0.3,0.7135678391959799,0.14788732394366197,995,12,32,91,-1.0683417085427136
7.195876288659794,4,246,12,93,0.4,0.700502512562814,0.1717171717171717,994,23,30,66,-0.3643216080402011
7.648936170212766,9,238,3,93,0.5,0.721608040201005,0.13768115942028986,995,54,34,48,-0.9195979899497487
8.807692307692308,2,174,0,93,0.6,0.6904522613065327,0.43322475570032576,995,15,38,13,-0.27035175879396983
6.333333333333333,1,20,2,94,0.1,0.0763819095477387,0.42857142857142855,42,16,2,170,0.2579899497487438
7.886792452830188,2,99,6,94,0.2,0.4201005025125628,0.32653061224489793,295,19,14,99,0.036080402010050285
6.94,5,249,14,94,0.3,0.6964824120603015,0.17275747508305647,995,12,40,78,-0.5506532663316582
7.698924731182796,3,235,4,94,0.4,0.7195979899497488,0.15467625899280577,995,12,35,35,-0.3020100502512562
8.011363636363637,7,205,0,94,0.5,0.7075376884422111,0.29310344827586204,995,25,44,38,-0.8212060301507539
9.384615384615385,3,193,1,94,0.6,0.735678391959799,0.2633587786259542,995,18,35,15,-0.3361809045226131
7.625,3,45,0,95,0.1,0.2442211055276382,0.5263157894736842,129,13,6,206,0.02633165829145736
5.75,2,115,7,95,0.2,0.34673366834170855,0.3850267379679144,384,17,14,168,0.03306532663316588
6.254545454545455,7,260,26,95,0.3,0.6894472361809045,0.15584415584415584,995,17,26,96,-0.6087437185929648
7.03960396039604,5,233,10,95,0.4,0.7135678391959799,0.1795774647887324,995,31,30,80,-0.4568844221105529
8.642857142857142,8,204,0,95,0.5,0.7286432160804021,0.241635687732342,995,12,42,25,-0.8945728643216082
9.2875,7,182,0,95,0.6,0.7457286432160805,0.2777777777777778,995,13,43,9,-0.8256281407035178
7.148148148148148,3,45,0,96,0.1,0.19396984924623115,0.5673076923076923,123,25,1,177,0.07005025125628148
6.131868131868132,8,190,13,96,0.2,0.5608040201005026,0.21810699588477367,664,12,26,109,-0.6770854271356784
7.26530612244898,8,243,10,96,0.3,0.714572864321608,0.13214285714285715,981,26,28,73,-0.719497487437186
7.774193548387097,6,236,6,96,0.4,0.7256281407035176,0.1323529411764706,995,13,34,55,-0.5949748743718593
8.602409638554217,10,195,1,96,0.5,0.7165829145728643,0.30604982206405695,995,16,47,33,-1.1511557788944724
9.166666666666666,6,165,0,96,0.6,0.7155778894472362,0.4148936170212766,995,12,37,7,-0.6532663316582915
4.666666666666667,0,7,0,97,0.1,0.01407035175879397,0.46153846153846156,12,11,0,202,0.3768844221105528
7.441860465116279,1,72,3,97,0.2,0.32160804020100503,0.4666666666666667,252,11,10,92,0.17045226130653268
6.855769230769231,7,245,11,97,0.3,0.714572864321608,0.13427561837455831,995,22,27,70,-0.6029145728643216
6.8431372549019605,5,251,6,97,0.4,0.700502512562814,0.15488215488215487,993,38,41,63,-0.5542713567839196
8.630952380952381,7,211,0,97,0.5,0.7266331658291457,0.22140221402214022,995,12,33,23,-0.7089447236180905
8.8625,5,186,1,97,0.6,0.7125628140703517,0.3473684210526316,995,14,37,22,-0.561105527638191
7.0,2,42,0,98,0.1,0.20402010050251257,0.5882352941176471,122,12,4,156,0.14592964824120616
7.5625,5,79,1,98,0.2,0.36482412060301506,0.4397163120567376,272,32,19,122,-0.32110552763819084
6.647619047619048,16,252,18,98,0.3,0.7015075376884422,0.14576271186440679,994,12,27,100,-1.5141708542713568
7.804347826086956,7,228,8,98,0.4,0.7185929648241206,0.1827956989247312,995,16,30,52,-0.6613065326633167
8.46987951807229,6,195,1,98,0.5,0.7055276381909548,0.3321917808219178,995,21,48,21,-0.7622110552763819
8.578313253012048,3,183,0,98,0.6,0.714572864321608,0.35335689045936397,995,17,48,15,-0.4725628140703518
6.71875,0,51,3,99,0.1,0.21608040201005024,0.5405405405405406,153,21,6,166,0.32371859296482414
6.571428571428571,5,135,17,99,0.2,0.46130653266331656,0.2894736842105263,459,22,13,107,-0.25909547738693456
6.643564356435643,8,255,33,99,0.3,0.6723618090452261,0.18006430868167203,979,12,33,100,-0.7619095477386933
7.739130434782608,7,224,9,99,0.4,0.714572864321608,0.20848056537102475,995,14,36,51,-0.7279396984924624
7.857142857142857,3,216,4,99,0.5,0.7155778894472362,0.23404255319148937,995,22,35,42,-0.3171859296482412
8.63855421686747,7,204,0,99,0.6,0.7195979899497488,0.26618705035971224,995,18,50,15,-0.8893467336683418
