avg_len_man,crashes,n_RtI,n_emergency,prop_manual,prop_rejected_RtI,puddle_warnings,rock_warnings,skids,state_warnings,utility
4.125,2,24,1,0.06633165829145729,0.5294117647058824,57,1,0,248,0.1832160804020102
4.0,0,4,0,0.008040201005025126,0.0,11,1,0,211,0.3782914572864322
3.9285714285714284,1,22,1,0.05527638190954774,0.45,45,1,1,267,0.27045226130653277
4.45,1,34,2,0.08844221105527639,0.5584415584415584,87,1,1,208,0.2678391959798996
3.2777777777777777,1,27,1,0.0592964824120603,0.425531914893617,51,1,0,257,0.28391959798994987
3.875,0,23,0,0.062311557788944726,0.4772727272727273,48,1,0,233,0.3774874371859297
3.8181818181818183,0,14,0,0.04221105527638191,0.5625,41,1,1,200,0.3715577889447237
5.142857142857143,0,21,0,0.07236180904522613,0.5714285714285714,54,5,0,279,0.38361809045226136
4.529411764705882,0,29,0,0.07738693467336684,0.546875,69,1,0,330,0.38432160804020105
4.333333333333333,0,19,0,0.05226130653266332,0.5869565217391305,52,1,0,240,0.3808040201005026
1.5,0,3,1,0.003015075376884422,0.5,8,1,0,297,0.379497487437186
3.95,1,26,0,0.07939698492462312,0.5737704918032787,71,1,1,263,0.27286432160804025
3.0,0,6,0,0.012060301507537688,0.5714285714285714,14,5,0,264,0.38040201005025126
4.625,0,12,0,0.0371859296482412,0.6,34,1,1,184,0.36804020100502516
4.0,0,5,0,0.016080402010050253,0.6153846153846154,19,1,1,248,0.36824120603015087
4.4,0,9,0,0.022110552763819097,0.25,15,1,0,244,0.382211055276382
5.2,1,6,0,0.02613065326633166,0.625,18,5,0,219,0.27778894472361815
4.583333333333333,0,18,0,0.05527638190954774,0.6,50,1,0,245,0.38402010050251256
5.25,0,19,0,0.06331658291457286,0.6607142857142857,65,4,0,207,0.37708542713567844
4.695652173913044,1,31,1,0.10753768844221105,0.5303030303030303,90,4,4,199,0.2377889447236181
4.0,0,6,0,0.016080402010050253,0.3333333333333333,11,1,0,208,0.37859296482412064
4.0,0,27,0,0.0763819095477387,0.5263157894736842,71,1,0,232,0.38030150753768843
3.5454545454545454,1,15,0,0.03919597989949749,0.6511627906976745,45,1,0,279,0.2816080402010051
3.7,0,28,0,0.0743718592964824,0.5483870967741935,69,1,1,197,0.36854271356783924
4.611111111111111,0,28,1,0.08341708542713568,0.3488372093023256,49,5,2,271,0.362713567839196
3.391304347826087,0,33,2,0.07839195979899498,0.5714285714285714,97,1,3,201,0.3520603015075377
5.333333333333333,0,14,0,0.04824120603015075,0.7358490566037735,60,1,1,235,0.3693467336683417
3.8260869565217392,0,36,2,0.08844221105527639,0.52,85,1,2,276,0.36120603015075387
3.375,1,23,0,0.054271356783919596,0.5490196078431373,56,1,0,259,0.28010050251256285
3.1333333333333333,0,22,0,0.04723618090452261,0.6140350877192983,64,1,1,293,0.37145728643216086
6.0,1,12,0,0.04824120603015075,0.7735849056603774,60,1,0,238,0.27919597989949757
2.9285714285714284,0,23,2,0.04120603015075377,0.5490196078431373,59,1,1,225,0.3635175879396985
3.5,0,19,0,0.04924623115577889,0.6122448979591837,56,3,5,247,0.3307537688442212
4.7,1,18,1,0.04723618090452261,0.6326530612244898,56,1,0,236,0.28291457286432165
4.7,1,13,1,0.04723618090452261,0.4090909090909091,26,1,0,243,0.28
6.2,1,16,1,0.062311557788944726,0.5,35,1,0,293,0.2906532663316584
6.315789473684211,0,30,0,0.11959798994974874,0.47368421052631576,72,3,3,224,0.3517587939698493
3.5,1,5,0,0.01407035175879397,0.16666666666666666,9,1,0,260,0.2835175879396986
6.1875,0,26,0,0.09849246231155778,0.5666666666666667,72,1,1,273,0.3747738693467337
1.6666666666666667,0,5,0,0.005025125628140704,0.2857142857142857,9,1,0,307,0.38281407035175885
4.647058823529412,2,29,0,0.07939698492462312,0.49122807017543857,63,1,1,279,0.17386934673366847
1.0,0,4,0,0.003015075376884422,0.5,10,1,0,302,0.38211055276381917
4.733333333333333,0,23,2,0.07135678391959799,0.6714285714285714,78,1,2,239,0.3624120603015076
5.3,0,13,0,0.053266331658291456,0.5,28,1,1,223,0.3695477386934674
4.833333333333333,0,27,0,0.08743718592964825,0.5645161290322581,80,1,0,235,0.38301507537688445
5.0,0,17,0,0.06030150753768844,0.5277777777777778,40,1,0,244,0.38251256281407037
2.7142857142857144,0,11,0,0.019095477386934675,0.45,20,3,0,252,0.379497487437186
5.0,0,4,0,0.010050251256281407,0.3333333333333333,6,4,0,263,0.3790954773869347
4.666666666666667,0,17,0,0.05628140703517588,0.66,59,5,1,236,0.3720603015075377
3.96,0,39,2,0.09949748743718594,0.5185185185185185,97,1,1,244,0.3666331658291458
6.857142857142857,1,25,1,0.0964824120603015,0.5454545454545454,70,1,4,247,0.24201005025125635
4.125,0,12,1,0.033165829145728645,0.3333333333333333,22,1,0,278,0.3789949748743719
3.8333333333333335,1,38,0,0.09045226130653267,0.5128205128205128,87,1,2,251,0.2603015075376885
4.411764705882353,3,25,1,0.07537688442211055,0.5192307692307693,60,1,0,273,0.07869346733668353
2.8181818181818183,0,17,0,0.031155778894472363,0.5853658536585366,44,1,0,264,0.37708542713567844
6.571428571428571,1,15,0,0.09246231155778895,0.5945945945945946,48,1,2,226,0.2606030150753769
4.125,0,19,0,0.06432160804020101,0.6666666666666666,68,1,1,261,0.37427135678391965
3.5,2,25,0,0.05628140703517588,0.46808510638297873,51,1,1,310,0.1731658291457287
5.125,0,23,0,0.08241206030150754,0.6349206349206349,68,1,0,295,0.3849246231155779
6.333333333333333,0,4,0,0.019095477386934675,0.7647058823529411,20,4,0,234,0.3787939698492463
1.0,0,2,0,0.0020100502512562816,0.8333333333333334,12,8,0,216,0.3792964824120603
5.6,1,12,0,0.05628140703517588,0.6470588235294118,40,1,0,249,0.28070351758793977
7.571428571428571,0,10,0,0.053266331658291456,0.6428571428571429,33,5,1,245,0.3734673366834171
2.9166666666666665,0,20,0,0.035175879396984924,0.47368421052631576,44,1,0,268,0.38040201005025126
5.466666666666667,1,21,0,0.08241206030150754,0.671875,68,10,1,250,0.27045226130653266
4.285714285714286,0,9,0,0.03015075376884422,0.75,39,1,0,330,0.38562814070351764
3.7,0,34,1,0.07336683417085427,0.48484848484848486,78,1,1,259,0.37035175879396987
4.166666666666667,0,7,0,0.02512562814070352,0.4166666666666667,16,4,0,269,0.38120603015075377
7.333333333333333,2,4,0,0.022110552763819097,0.6,12,1,0,256,0.17959798994974893
4.625,2,18,0,0.0743718592964824,0.660377358490566,55,1,0,247,0.18231155778894484
4.444444444444445,1,24,0,0.08040201005025126,0.5471698113207547,65,1,1,241,0.2734673366834171
2.5,0,6,0,0.010050251256281407,0.45454545454545453,12,1,0,261,0.3795979899497488
6.833333333333333,0,7,0,0.04020100502512563,0.2222222222222222,11,4,1,277,0.3714572864321608
4.75,0,5,0,0.019095477386934675,0.4444444444444444,12,1,0,274,0.3831155778894473
4.333333333333333,1,24,2,0.06532663316582915,0.4782608695652174,59,1,2,262,0.2595979899497488
3.375,1,10,0,0.027135678391959798,0.47368421052631576,22,1,0,258,0.2797989949748745
1.0,0,4,0,0.0020100502512562816,0.3333333333333333,8,1,0,236,0.3749748743718594
4.153846153846154,3,18,0,0.054271356783919596,0.4857142857142857,38,1,1,214,0.0672361809045228
4.3076923076923075,3,23,0,0.05628140703517588,0.6349206349206349,72,14,0,240,0.0731658291457289
5.285714285714286,1,17,0,0.0743718592964824,0.6909090909090909,60,1,0,210,0.2883417085427136
6.153846153846154,0,20,0,0.08040201005025126,0.6428571428571429,72,3,2,265,0.3560804020100503
4.35,1,37,2,0.08743718592964825,0.45588235294117646,74,1,0,223,0.28100502512562814
4.375,0,12,2,0.035175879396984924,0.7,48,1,0,331,0.3832160804020101
4.666666666666667,0,19,0,0.07035175879396985,0.6607142857142857,67,1,2,276,0.3639195979899498
3.8333333333333335,0,8,0,0.023115577889447236,0.6363636363636364,26,1,0,223,0.38190954773869346
4.888888888888889,0,27,0,0.08844221105527639,0.5573770491803278,74,1,1,243,0.3708542713567839
2.727272727272727,0,19,0,0.03015075376884422,0.5128205128205128,44,5,0,238,0.37809045226130655
5.666666666666667,0,5,0,0.017085427135678392,0.5833333333333334,14,1,0,317,0.38472361809045236
4.944444444444445,1,24,0,0.08944723618090453,0.6129032258064516,71,1,2,206,0.25979899497487446
3.4285714285714284,1,9,0,0.024120603015075376,0.47058823529411764,22,3,0,239,0.27788944723618103
3.8666666666666667,0,25,0,0.05829145728643216,0.5454545454545454,57,1,0,254,0.38412060301507545
4.2105263157894735,0,27,0,0.08040201005025126,0.5909090909090909,77,1,0,229,0.38492462311557796
5.538461538461538,1,21,0,0.07236180904522613,0.5625,62,1,1,254,0.27055276381909565
7.666666666666667,0,6,0,0.023115577889447236,0.7142857142857143,22,6,0,272,0.38623115577889455
4.0625,0,28,2,0.06532663316582915,0.5409836065573771,66,1,1,238,0.37125628140703526
5.384615384615385,0,22,0,0.07035175879396985,0.56,59,1,0,242,0.3826130653266332
4.875,0,10,0,0.03919597989949749,0.4444444444444444,20,1,0,273,0.3835175879396986
4.117647058823529,0,26,0,0.07035175879396985,0.6533333333333333,88,1,0,258,0.3812060301507538
3.625,0,14,1,0.02914572864321608,0.7083333333333334,56,1,4,287,0.3431155778894472
5.214285714285714,1,21,0,0.07236180904522613,0.5714285714285714,56,1,1,247,0.27206030150753774
3.111111111111111,0,13,0,0.02814070351758794,0.6060606060606061,37,1,1,224,0.36934673366834175
4.533333333333333,0,22,0,0.06834170854271357,0.6271186440677966,72,1,2,241,0.35949748743718596
3.8461538461538463,0,17,0,0.05025125628140704,0.5142857142857142,41,1,3,266,0.3536683417085427
3.9523809523809526,0,33,0,0.08341708542713568,0.547945205479452,92,1,0,240,0.3790954773869347
3.8125,0,23,0,0.061306532663316586,0.5818181818181818,61,1,3,222,0.35125628140703524
7.0,1,3,0,0.01407035175879397,0.5,8,5,0,319,0.28512562814070364
1.75,0,5,0,0.007035175879396985,0.5454545454545454,13,1,0,245,0.38070351758793974
5.357142857142857,0,21,2,0.07537688442211055,0.5,56,1,3,323,0.3531658291457287
4.125,0,12,0,0.033165829145728645,0.5,28,1,1,295,0.37065326633165835
4.545454545454546,0,31,0,0.10050251256281408,0.45614035087719296,75,1,3,218,0.350251256281407
4.625,0,14,2,0.0371859296482412,0.72,53,1,0,268,0.38281407035175885
4.8,0,19,0,0.07236180904522613,0.4722222222222222,42,1,1,252,0.3692462311557789
4.666666666666667,1,3,0,0.01407035175879397,0.8695652173913043,27,1,0,244,0.2828140703517589
5.315789473684211,1,34,1,0.10150753768844221,0.4603174603174603,76,1,1,244,0.27206030150753774
5.1875,1,26,0,0.08341708542713568,0.5,71,1,2,271,0.25969849246231164
3.5714285714285716,0,9,0,0.02512562814070352,0.6896551724137931,32,1,0,199,0.3783919597989951
4.75,0,9,0,0.03819095477386935,0.64,29,1,0,252,0.38341708542713565
3.8181818181818183,0,16,0,0.04221105527638191,0.5151515151515151,38,1,0,252,0.37839195979899504
3.0,0,10,0,0.024120603015075376,0.6875,35,1,2,303,0.3640201005025126
5.916666666666667,0,18,0,0.07135678391959799,0.45454545454545453,43,1,2,237,0.3655276381909548
3.3333333333333335,1,24,0,0.05025125628140704,0.6065573770491803,71,1,2,247,0.2604020100502514
4.0625,0,24,0,0.06532663316582915,0.5,51,3,1,277,0.37678391959798996
4.0,0,28,0,0.07236180904522613,0.46153846153846156,61,1,0,287,0.38482412060301513
4.333333333333333,0,4,0,0.01306532663316583,0.42857142857142855,11,1,0,254,0.3820100502512563
5.5,0,35,0,0.12160804020100502,0.39655172413793105,67,1,1,255,0.37658291457286436
4.052631578947368,0,24,0,0.07738693467336684,0.5714285714285714,60,1,1,262,0.37718592964824127
5.666666666666667,1,10,2,0.034170854271356785,0.375,17,5,1,313,0.27527638190954784
5.2,0,17,0,0.05226130653266332,0.5526315789473685,46,1,1,226,0.3731658291457287
3.4,1,15,1,0.034170854271356785,0.6428571428571429,45,1,0,248,0.28150753768844233
2.0,0,12,0,0.016080402010050253,0.5862068965517241,32,1,0,229,0.3795979899497488
2.3333333333333335,0,5,0,0.007035175879396985,0.16666666666666666,9,1,0,221,0.3804020100502513
7.571428571428571,0,11,0,0.053266331658291456,0.5217391304347826,32,1,1,269,0.3715577889447237
3.230769230769231,0,24,2,0.04221105527638191,0.6,66,1,1,273,0.37065326633165835
5.285714285714286,1,25,2,0.0743718592964824,0.4318181818181818,52,1,0,267,0.2846231155778895
4.222222222222222,1,10,0,0.03819095477386935,0.5,24,1,0,249,0.2802010050251257
4.2,0,15,2,0.04221105527638191,0.625,48,1,0,252,0.37859296482412064
5.2,0,21,0,0.07839195979899498,0.5961538461538461,57,4,1,238,0.3766834170854272
4.333333333333333,1,25,0,0.07839195979899498,0.6031746031746031,68,1,4,311,0.24492462311557803
4.266666666666667,0,22,0,0.06432160804020101,0.5111111111111111,50,1,1,261,0.37296482412060306
2.0,0,7,0,0.010050251256281407,0.5,16,1,0,282,0.37869346733668346
5.75,1,6,0,0.023115577889447236,0.76,30,3,0,251,0.28150753768844233
4.583333333333333,0,15,0,0.05527638190954774,0.6341463414634146,46,1,2,256,0.3628140703517588
4.4,1,6,0,0.022110552763819097,0.5714285714285714,16,3,0,268,0.2823115577889448
3.5833333333333335,0,14,0,0.04321608040201005,0.391304347826087,25,1,0,257,0.38472361809045236
6.75,0,11,0,0.053266331658291456,0.47619047619047616,24,1,1,253,0.37346733668341714
3.4166666666666665,0,16,0,0.04120603015075377,0.7419354838709677,66,5,0,254,0.3802010050251257
3.2,0,16,0,0.032160804020100506,0.4074074074074074,31,5,0,266,0.3805025125628141
5.722222222222222,1,22,0,0.1035175879396985,0.5769230769230769,68,1,0,267,0.28482412060301515
2.0,0,3,0,0.004020100502512563,0.5,7,1,0,268,0.3782914572864322
1.0,0,2,0,0.0010050251256281408,0.8,8,10,0,293,0.37949748743718603
5.105263157894737,0,24,0,0.09748743718592964,0.48936170212765956,63,1,3,222,0.34944723618090456
5.0,0,6,2,0.01507537688442211,0.4,11,1,0,271,0.3814070351758794
4.722222222222222,0,27,0,0.08542713567839195,0.5645161290322581,79,1,3,196,0.3452261306532664
4.833333333333333,1,9,0,0.02914572864321608,0.5909090909090909,28,1,0,265,0.28050251256281417
6.454545454545454,0,18,0,0.07135678391959799,0.6842105263157895,69,1,1,234,0.371356783919598
4.142857142857143,0,10,0,0.02914572864321608,0.6296296296296297,30,1,1,220,0.37015075376884427
6.944444444444445,0,30,0,0.12562814070351758,0.4915254237288136,73,1,1,239,0.3746733668341709
6.181818181818182,1,21,0,0.06834170854271357,0.58,66,1,1,298,0.2721608040201006
5.590909090909091,2,32,0,0.12361809045226131,0.5733333333333334,82,1,2,215,0.16311557788944733
2.3333333333333335,0,5,0,0.007035175879396985,0.16666666666666666,7,1,0,289,0.3846231155778895
4.2,0,7,2,0.021105527638190954,0.6111111111111112,23,1,1,298,0.37356783919597997
4.0,1,7,0,0.024120603015075376,0.36363636363636365,16,1,0,287,0.27849246231155794
5.090909090909091,0,16,2,0.05628140703517588,0.7142857142857143,64,1,2,262,0.3604020100502513
4.555555555555555,0,28,0,0.08241206030150754,0.5087719298245614,70,1,3,249,0.35366834170854283
2.0,0,13,2,0.016080402010050253,0.5357142857142857,29,1,0,242,0.38010050251256283
5.333333333333333,1,24,0,0.09547738693467336,0.6712328767123288,82,1,1,216,0.2725628140703518
4.166666666666667,0,8,0,0.02512562814070352,0.4666666666666667,19,1,0,224,0.37939698492462315
5.222222222222222,1,18,1,0.04723618090452261,0.5813953488372093,48,1,0,201,0.2779899497487438
3.25,0,20,0,0.05226130653266332,0.6,53,5,2,238,0.3623115577889448
5.411764705882353,0,23,0,0.09246231155778895,0.4888888888888889,54,1,0,264,0.3829145728643216
2.4,0,6,0,0.012060301507537688,0.7272727272727273,23,8,0,258,0.38190954773869346
3.869565217391304,0,35,0,0.08944723618090453,0.38596491228070173,68,1,2,200,0.35939698492462313
4.631578947368421,0,29,0,0.08844221105527639,0.5972222222222222,80,1,2,224,0.3657286432160805
3.4444444444444446,0,11,0,0.03015075376884422,0.5769230769230769,29,1,0,302,0.38673366834170864
4.117647058823529,1,27,0,0.07035175879396985,0.5,66,1,1,243,0.2705527638190956
4.764705882352941,1,30,2,0.0814070351758794,0.45454545454545453,64,1,2,305,0.2644221105527638
2.8333333333333335,0,8,0,0.017085427135678392,0.5555555555555556,21,1,0,236,0.37969849246231163
4.5,1,17,0,0.04522613065326633,0.6530612244897959,54,3,0,245,0.2771859296482413
3.0,0,6,2,0.009045226130653266,0.25,9,1,0,280,0.3837185929648242
4.777777777777778,0,30,0,0.08542713567839195,0.625,84,1,1,269,0.3741708542713569
5.7272727272727275,0,20,0,0.06331658291457286,0.6875,75,4,0,269,0.38100502512562817
4.2105263157894735,1,31,0,0.07939698492462312,0.45614035087719296,60,1,1,238,0.27457286432160816
4.095238095238095,1,31,0,0.0864321608040201,0.5441176470588235,73,4,1,259,0.27608040201005035
1.5,0,3,0,0.003015075376884422,0.625,8,5,0,309,0.3817085427135679
6.055555555555555,0,24,0,0.10954773869346733,0.5555555555555556,68,1,2,241,0.35909547738693476
4.733333333333333,1,20,0,0.07135678391959799,0.5652173913043478,54,1,1,245,0.27055276381909554
4.555555555555555,0,12,0,0.04120603015075377,0.6129032258064516,38,1,1,294,0.3725628140703518
3.357142857142857,1,19,0,0.04723618090452261,0.5476190476190477,45,1,1,280,0.2755778894472362
3.5833333333333335,0,19,0,0.04321608040201005,0.5476190476190477,46,1,2,263,0.3640201005025126
3.5714285714285716,0,10,2,0.02512562814070352,0.5,22,1,1,368,0.37859296482412064
5.8,0,19,0,0.05829145728643216,0.4722222222222222,44,1,1,272,0.37376884422110557
4.3076923076923075,0,19,0,0.05628140703517588,0.6833333333333333,65,1,0,311,0.38582914572864324
4.6,1,9,1,0.023115577889447236,0.5263157894736842,20,5,0,270,0.2792964824120604
4.235294117647059,0,24,0,0.07236180904522613,0.5384615384615384,58,1,1,264,0.37919597989949755
3.52,2,34,0,0.08743718592964825,0.5,80,1,1,249,0.17155778894472373
5.5,0,7,2,0.022110552763819097,0.46153846153846156,15,1,0,258,0.37879396984924635
2.2857142857142856,0,12,0,0.016080402010050253,0.6129032258064516,33,1,0,213,0.37577889447236185
4.625,1,29,1,0.11155778894472362,0.546875,75,1,1,245,0.27718592964824124
4.4,0,6,0,0.022110552763819097,0.5714285714285714,17,1,1,254,0.37035175879396987
4.6,0,28,0,0.09246231155778895,0.46153846153846156,60,1,1,282,0.3757788944723619
5.411764705882353,0,25,0,0.09246231155778895,0.5192307692307693,56,1,1,200,0.37477386934673373
5.166666666666667,0,8,0,0.031155778894472363,0.42857142857142855,19,1,0,267,0.381105527638191
3.7333333333333334,0,22,0,0.05628140703517588,0.65625,74,1,1,253,0.36492462311557794
5.2631578947368425,0,27,0,0.10050251256281408,0.509090909090909,68,1,2,277,0.3647236180904523
5.6,2,16,0,0.05628140703517588,0.7241379310344828,66,3,0,255,0.18040201005025136
6.416666666666667,0,15,0,0.07738693467336684,0.6341463414634146,49,1,1,272,0.37216080402010054
5.4,1,6,0,0.027135678391959798,0.6842105263157895,19,11,1,326,0.276281407035176
7.666666666666667,0,7,0,0.04623115577889447,0.4166666666666667,17,1,0,231,0.3831155778894473
3.6666666666666665,0,4,0,0.011055276381909548,0.42857142857142855,9,1,0,246,0.3795979899497488
4.75,0,10,0,0.03819095477386935,0.5,24,1,0,311,0.38623115577889455
5.3,1,41,0,0.15979899497487438,0.4675324675324675,115,1,3,219,0.2531658291457287
3.8666666666666667,0,19,0,0.05829145728643216,0.5869565217391305,49,1,2,242,0.35989949748743727
5.842105263157895,0,26,0,0.11155778894472362,0.6060606060606061,72,3,3,260,0.3569849246231156
4.928571428571429,0,18,0,0.06934673366834171,0.6470588235294118,57,4,0,262,0.3830150753768845
4.428571428571429,0,18,0,0.062311557788944726,0.5909090909090909,50,1,2,191,0.3624120603015076
5.083333333333333,1,16,0,0.061306532663316586,0.7037037037037037,66,1,2,242,0.26301507537688446
3.142857142857143,1,12,1,0.022110552763819097,0.29411764705882354,20,1,0,281,0.2826130653266333
6.0,1,32,0,0.11457286432160804,0.4666666666666667,73,1,1,210,0.27266331658291465
4.733333333333333,1,23,1,0.07135678391959799,0.6349206349206349,68,1,0,272,0.28412060301507547
10.0,1,4,1,0.020100502512562814,0.5,8,5,0,255,0.2830150753768844
5.333333333333333,2,35,1,0.12864321608040202,0.4852941176470588,83,1,1,272,0.17195979899497502
5.181818181818182,1,35,2,0.1135678391959799,0.527027027027027,94,1,2,203,0.26391959798994985
5.0,2,9,0,0.04522613065326633,0.625,29,3,0,217,0.18090452261306547
5.8,0,24,2,0.08743718592964825,0.5636363636363636,68,1,2,296,0.36582914572864333
7.363636363636363,0,16,0,0.0814070351758794,0.5555555555555556,48,1,0,227,0.3805025125628141
7.0,0,3,0,0.021105527638190954,0.5714285714285714,8,5,0,237,0.38
4.125,1,13,1,0.033165829145728645,0.48,26,1,0,236,0.28150753768844233
3.933333333333333,0,20,0,0.0592964824120603,0.5,46,5,1,200,0.3720603015075377
4.454545454545454,0,19,0,0.04924623115577889,0.6041666666666666,51,1,0,258,0.3844221105527638
3.7777777777777777,0,27,0,0.06834170854271357,0.5178571428571429,62,1,1,274,0.3725628140703518
4.611111111111111,1,24,0,0.08341708542713568,0.5862068965517241,65,5,1,285,0.27758793969849255
4.9375,0,30,0,0.07939698492462312,0.47368421052631576,65,1,3,272,0.35095477386934676
2.0,0,6,0,0.008040201005025126,0.3333333333333333,10,1,0,280,0.379497487437186
3.2222222222222223,0,11,0,0.02914572864321608,0.5769230769230769,29,1,0,256,0.3844221105527639
3.25,1,15,1,0.03919597989949749,0.375,25,1,2,219,0.261105527638191
4.0,1,3,1,0.008040201005025126,0.75,14,1,0,223,0.27587939698492475
6.0,0,3,0,0.012060301507537688,0.0,7,1,0,251,0.3793969849246231
4.785714285714286,0,21,0,0.06733668341708543,0.5961538461538461,58,1,0,298,0.383819095477387
6.363636363636363,1,17,1,0.07035175879396985,0.5,39,1,2,210,0.26241206030150765
4.428571428571429,1,24,0,0.062311557788944726,0.5294117647058824,53,1,0,263,0.28522613065326646
4.2,1,37,0,0.10552763819095477,0.5,85,1,4,202,0.23809045226130662
2.3333333333333335,1,5,1,0.007035175879396985,0.5454545454545454,13,1,0,253,0.2809045226130654
4.6923076923076925,0,19,0,0.061306532663316586,0.5957446808510638,52,1,0,272,0.38492462311557796
4.9411764705882355,0,29,0,0.08442211055276382,0.3409090909090909,54,1,1,220,0.3707537688442212
4.0,1,16,0,0.04824120603015075,0.6444444444444445,50,1,0,267,0.2815075376884423
4.357142857142857,0,19,0,0.061306532663316586,0.6274509803921569,53,1,1,266,0.37718592964824127
3.3333333333333335,0,17,0,0.03919597989949749,0.39285714285714285,29,1,0,338,0.38432160804020105
2.75,0,13,0,0.022110552763819097,0.43478260869565216,25,1,0,290,0.38221105527638194
2.857142857142857,0,8,0,0.020100502512562814,0.42857142857142855,18,1,0,258,0.3802010050251257
4.764705882352941,0,22,0,0.08040201005025126,0.37142857142857144,43,1,2,306,0.3657286432160805
3.6153846153846154,0,24,0,0.04723618090452261,0.48936170212765956,51,1,1,249,0.36964824120603024
4.954545454545454,0,30,2,0.10954773869346733,0.5238095238095238,73,1,1,243,0.37185929648241206
4.25,0,5,0,0.017085427135678392,0.5454545454545454,13,1,0,262,0.3820100502512563
4.947368421052632,0,33,0,0.09447236180904522,0.45,67,1,1,253,0.37296482412060306
2.875,0,23,0,0.04623115577889447,0.6101694915254238,65,5,1,266,0.36914572864321615
4.25,0,6,0,0.016080402010050253,0.25,9,1,0,236,0.37829145728643226
3.9285714285714284,0,22,0,0.05527638190954774,0.5925925925925926,59,1,1,257,0.37115577889447243
4.428571428571429,0,10,0,0.031155778894472363,0.5454545454545454,29,1,0,248,0.38090452261306534
6.153846153846154,0,22,0,0.08040201005025126,0.5849056603773585,57,5,0,232,0.3828140703517589
1.8333333333333333,1,7,0,0.011055276381909548,0.6111111111111112,21,1,0,241,0.2790954773869348
4.083333333333333,0,14,0,0.04924623115577889,0.5757575757575758,37,5,1,219,0.3684422110552764
4.666666666666667,0,14,0,0.04221105527638191,0.5483870967741935,35,1,1,247,0.3716582914572865
3.5,1,25,0,0.05527638190954774,0.4318181818181818,48,1,2,217,0.261105527638191
4.473684210526316,1,33,1,0.08542713567839195,0.45,68,1,1,280,0.27165829145728654
4.3,0,14,0,0.04321608040201005,0.5172413793103449,34,1,0,272,0.38512562814070356
3.473684210526316,0,29,0,0.06633165829145729,0.5166666666666667,64,1,0,274,0.38582914572864324
3.6,0,11,0,0.036180904522613064,0.6666666666666666,37,1,1,235,0.3705527638190955
5.866666666666666,2,21,1,0.08844221105527639,0.5333333333333333,52,4,0,241,0.18763819095477394
4.0,0,4,0,0.008040201005025126,0.5555555555555556,10,1,0,215,0.38140703517587937
3.5,0,11,1,0.02814070351758794,0.3888888888888889,21,17,0,243,0.38361809045226136
4.6,0,26,0,0.06733668341708543,0.543859649122807,66,1,0,232,0.38
4.0,0,9,0,0.024120603015075376,0.6666666666666666,29,1,0,292,0.38391959798994985
6.3076923076923075,1,14,0,0.08241206030150754,0.6744186046511628,53,4,3,250,0.2534673366834172
6.4375,1,27,0,0.1035175879396985,0.5423728813559322,71,1,2,260,0.26432160804020105
4.1875,1,25,0,0.06733668341708543,0.5370370370370371,59,1,1,274,0.27899497487437186
4.2727272727272725,0,21,2,0.04723618090452261,0.46153846153846156,42,1,0,267,0.382211055276382
5.105263157894737,4,31,1,0.09748743718592964,0.5373134328358209,74,1,2,238,-0.040904522613065174
4.538461538461538,0,20,0,0.0592964824120603,0.4117647058823529,40,1,0,263,0.383819095477387
4.583333333333333,0,21,0,0.05527638190954774,0.38235294117647056,38,1,0,236,0.3844221105527638
5.2,0,17,0,0.05226130653266332,0.5952380952380952,44,3,1,247,0.3731658291457287
4.111111111111111,0,12,0,0.0371859296482412,0.7,43,1,0,241,0.3845226130653267
3.25,1,6,0,0.01306532663316583,0.7,22,1,0,218,0.2790954773869348
5.222222222222222,1,16,2,0.04723618090452261,0.4074074074074074,28,1,0,220,0.27919597989949757
4.444444444444445,1,12,0,0.04020100502512563,0.4782608695652174,26,1,0,304,0.2846231155778895
3.875,0,12,0,0.031155778894472363,0.5555555555555556,32,1,1,227,0.3730653266331659
4.125,0,10,0,0.033165829145728645,0.23076923076923078,16,1,0,290,0.3842211055276383
6.5,0,4,0,0.01306532663316583,0.3333333333333333,7,1,0,220,0.3797989949748744
4.666666666666667,1,4,0,0.01407035175879397,0.5,10,1,0,275,0.27708542713567846
6.5,0,4,0,0.02613065326633166,0.6666666666666666,13,5,0,260,0.38231155778894477
2.6666666666666665,0,5,0,0.008040201005025126,0.16666666666666666,7,1,0,252,0.37919597989949755
5.055555555555555,2,28,0,0.0914572864321608,0.5555555555555556,68,7,1,230,0.1737688442211056
5.75,1,33,0,0.11557788944723618,0.46774193548387094,76,1,0,245,0.28040201005025134
4.5,0,6,0,0.018090452261306532,0.5384615384615384,15,1,0,285,0.3852261306532664
3.2,0,7,0,0.016080402010050253,0.631578947368421,18,5,0,232,0.3817085427135679
4.125,0,37,0,0.09949748743718594,0.4714285714285714,82,1,1,243,0.37175879396984934
3.0,0,9,0,0.021105527638190954,0.6086956521739131,25,1,0,255,0.38080402010050257
2.5454545454545454,0,12,0,0.02814070351758794,0.5555555555555556,32,1,1,249,0.3683417085427136
4.681818181818182,1,31,0,0.1035175879396985,0.5441176470588235,81,1,1,261,0.27085427135678397
2.7142857142857144,0,10,0,0.019095477386934675,0.5833333333333334,25,5,0,274,0.3796984924623116
6.0,0,5,0,0.018090452261306532,0.4444444444444444,20,6,0,198,0.38040201005025126
4.375,0,26,0,0.07035175879396985,0.543859649122807,63,1,1,280,0.37447236180904525
5.636363636363637,2,36,0,0.12261306532663317,0.4626865671641791,79,1,2,263,0.1628140703517589
2.7,0,12,0,0.027135678391959798,0.7073170731707317,45,1,2,287,0.3612060301507538
4.833333333333333,0,18,0,0.05829145728643216,0.64,54,4,1,212,0.3699497487437186
6.095238095238095,3,30,0,0.12864321608040202,0.4,64,1,2,251,0.06201005025125634
1.375,0,8,0,0.011055276381909548,0.6,25,6,1,281,0.37185929648241217
6.1,1,31,0,0.12261306532663317,0.5921052631578947,95,1,3,239,0.2532663316582915
5.153846153846154,1,17,0,0.06733668341708543,0.6909090909090909,67,1,1,260,0.26934673366834183
4.944444444444445,0,31,2,0.08944723618090453,0.515625,75,1,2,217,0.3598994974874372
5.454545454545454,0,14,2,0.06030150753768844,0.5333333333333333,32,1,1,222,0.3717587939698493
4.125,0,10,0,0.033165829145728645,0.5238095238095238,23,1,0,248,0.3829145728643217
5.277777777777778,1,28,0,0.09547738693467336,0.4716981132075472,59,1,3,200,0.2559798994974875
4.777777777777778,0,16,1,0.04321608040201005,0.5,36,1,0,246,0.38231155778894477
4.75,0,23,0,0.0763819095477387,0.5964912280701754,61,1,1,239,0.37557788944723625
4.066666666666666,0,25,0,0.061306532663316586,0.5192307692307693,55,1,0,241,0.38432160804020105
4.333333333333333,0,30,0,0.0914572864321608,0.45454545454545453,66,1,2,295,0.3641206030150754
3.5,0,3,0,0.007035175879396985,0.5714285714285714,8,5,0,258,0.3790954773869347
4.529411764705882,0,27,0,0.07738693467336684,0.5970149253731343,74,1,2,233,0.363819095477387
3.111111111111111,0,15,0,0.02814070351758794,0.34782608695652173,27,1,0,246,0.37889447236180906
3.2857142857142856,1,8,0,0.023115577889447236,0.2727272727272727,13,1,0,263,0.28060301507537694
4.0,0,21,0,0.05628140703517588,0.4878048780487805,51,6,0,280,0.38381909547738696
3.5,1,7,0,0.021105527638190954,0.5333333333333333,15,8,0,326,0.28211055276381924
6.0,2,23,0,0.0964824120603015,0.640625,73,1,1,187,0.17306532663316598
3.7,0,10,0,0.036180904522613064,0.5454545454545454,25,5,0,272,0.38412060301507545
3.857142857142857,1,18,0,0.054271356783919596,0.5714285714285714,49,7,0,276,0.2877386934673368
3.3,0,26,0,0.06633165829145729,0.6438356164383562,87,1,1,272,0.3742713567839196
3.2,0,14,0,0.032160804020100506,0.6888888888888889,47,1,0,210,0.38010050251256283
3.8,0,7,0,0.019095477386934675,0.6111111111111112,23,5,0,276,0.38412060301507545
5.375,0,14,1,0.04321608040201005,0.44,26,1,0,253,0.38301507537688445
5.230769230769231,0,16,0,0.06834170854271357,0.6190476190476191,51,5,0,217,0.3786934673366834
3.923076923076923,1,20,1,0.05125628140703518,0.6226415094339622,58,1,0,315,0.28130653266331673
2.5,0,4,1,0.005025125628140704,0.5,9,1,0,221,0.3769849246231156
2.7777777777777777,0,11,0,0.02512562814070352,0.717948717948718,41,1,0,299,0.38472361809045236
5.714285714285714,0,25,2,0.08040201005025126,0.647887323943662,81,1,4,282,0.3421105527638192
4.588235294117647,1,26,0,0.07839195979899498,0.559322033898305,73,1,0,271,0.2852261306532664
6.090909090909091,0,19,2,0.06733668341708543,0.525,41,5,0,225,0.388140703517588
6.130434782608695,0,37,0,0.14170854271356784,0.4714285714285714,82,1,1,211,0.375175879396985
4.4,0,27,1,0.06633165829145729,0.5,60,1,2,291,0.3667336683417086
5.0,0,17,0,0.05527638190954774,0.5405405405405406,47,1,1,281,0.3758793969849246
3.8,1,9,0,0.019095477386934675,0.5,27,1,0,269,0.28532663316582924
3.0,0,2,0,0.003015075376884422,0.5,7,1,0,271,0.38070351758793974
5.666666666666667,1,17,0,0.06834170854271357,0.6046511627906976,51,1,1,275,0.27467336683417093
3.8823529411764706,0,29,0,0.06633165829145729,0.3829787234042553,57,1,1,241,0.3719597989949749
5.5,0,36,0,0.11055276381909548,0.4461538461538462,74,1,0,227,0.38100502512562817
6.0,2,17,2,0.06030150753768844,0.32,28,1,0,231,0.18502512562814083
5.928571428571429,2,24,0,0.08341708542713568,0.6190476190476191,76,1,3,238,0.15165829145728657
3.2222222222222223,0,12,0,0.02914572864321608,0.3333333333333333,23,1,0,215,0.3805025125628141
4.590909090909091,0,30,2,0.10150753768844221,0.4444444444444444,62,1,2,276,0.3672361809045227
3.857142857142857,1,11,0,0.027135678391959798,0.5,28,1,0,280,0.2841206030150755
4.555555555555555,1,28,0,0.08241206030150754,0.6111111111111112,78,5,1,262,0.2732663316582916
5.2727272727272725,0,18,0,0.05829145728643216,0.6470588235294118,55,1,2,232,0.3655276381909548
3.0,0,6,0,0.012060301507537688,0.7,21,1,0,245,0.3820100502512563
4.333333333333333,0,9,0,0.02613065326633166,0.55,29,1,0,223,0.3797989949748744
6.0,0,13,0,0.04824120603015075,0.48,29,1,0,260,0.38030150753768843
3.5,0,7,2,0.01407035175879397,0.5333333333333333,17,1,0,233,0.38070351758793974
2.25,0,4,0,0.009045226130653266,0.6363636363636364,17,1,0,287,0.3804020100502513
4.833333333333333,1,26,0,0.08743718592964825,0.5357142857142857,74,1,2,316,0.2645226130653267
4.083333333333333,2,17,1,0.04924623115577889,0.66,55,1,2,277,0.16160804020100522
5.0,0,14,0,0.06030150753768844,0.5757575757575758,41,5,0,211,0.382211055276382
3.9473684210526314,0,31,0,0.07537688442211055,0.48333333333333334,68,1,0,227,0.3763819095477387
5.5,1,23,1,0.07738693467336684,0.5818181818181818,71,1,1,238,0.266532663316583
4.583333333333333,0,21,2,0.05527638190954774,0.6666666666666666,69,1,0,305,0.3829145728643217
5.0,0,27,0,0.09045226130653267,0.46,56,1,0,247,0.3846231155778895
4.833333333333333,0,9,0,0.02914572864321608,0.5,19,1,0,262,0.38251256281407037
5.8,1,25,2,0.08743718592964825,0.5283018867924528,67,1,2,242,0.2637185929648242
3.1875,0,23,0,0.05125628140703518,0.5818181818181818,59,5,0,247,0.38412060301507545
4.461538461538462,0,25,2,0.05829145728643216,0.5967741935483871,70,1,1,278,0.37135678391959803
1.6666666666666667,0,7,0,0.005025125628140704,0.2222222222222222,12,1,0,247,0.37859296482412064
5.4,0,15,0,0.054271356783919596,0.5161290322580645,38,1,0,244,0.381105527638191
2.5555555555555554,0,11,0,0.023115577889447236,0.65625,34,4,0,250,0.3816080402010051
5.8125,1,21,0,0.09346733668341708,0.58,61,1,2,234,0.26201005025125634
1.0,0,4,2,0.0010050251256281408,0.3333333333333333,7,1,0,288,0.3796984924623116
4.071428571428571,0,21,0,0.05728643216080402,0.46153846153846156,46,1,1,251,0.3705527638190955
4.6923076923076925,1,17,0,0.061306532663316586,0.5405405405405406,41,1,0,268,0.28311557788944736
3.272727272727273,0,30,0,0.07035175879396985,0.5161290322580645,72,1,0,189,0.3797989949748744
6.0,1,26,0,0.10251256281407035,0.6119402985074627,72,13,1,211,0.2701507537688443
4.0,0,2,0,0.004020100502512563,0.6,8,1,0,300,0.38281407035175885
6.1,0,17,2,0.061306532663316586,0.5142857142857142,40,1,0,196,0.38381909547738696
4.357142857142857,1,23,0,0.061306532663316586,0.6101694915254238,70,1,2,287,0.2610050251256282
4.5,0,4,0,0.009045226130653266,0.5555555555555556,9,5,0,230,0.37718592964824127
5.3125,0,22,0,0.08542713567839195,0.5925925925925926,62,3,1,273,0.3745728643216081
4.615384615384615,0,20,0,0.06030150753768844,0.5918367346938775,55,1,3,232,0.35517587939698503
1.2,0,7,0,0.006030150753768844,0.7083333333333334,25,1,0,336,0.38251256281407037
4.1,1,13,0,0.04120603015075377,0.6666666666666666,47,1,0,301,0.2843216080402011
5.45,0,29,0,0.10954773869346733,0.5606060606060606,82,5,1,194,0.3727638190954774
2.7857142857142856,0,20,0,0.03919597989949749,0.5833333333333334,52,1,0,227,0.37969849246231163
5.625,0,11,0,0.04522613065326633,0.35294117647058826,18,1,0,274,0.3823115577889448
4.35,0,33,0,0.08743718592964825,0.45,76,1,4,245,0.3404020100502513
6.105263157894737,1,32,2,0.11658291457286432,0.5789473684210527,81,1,1,254,0.2775879396984925
6.5,1,11,0,0.05226130653266332,0.56,29,1,1,253,0.26974874371859303
4.666666666666667,0,12,0,0.04221105527638191,0.8181818181818182,70,4,0,217,0.37819095477386944
4.428571428571429,0,23,2,0.062311557788944726,0.54,56,1,0,241,0.38331658291457293
4.6923076923076925,0,21,0,0.061306532663316586,0.6037735849056604,58,1,1,183,0.3673366834170854
6.0,0,24,0,0.09045226130653267,0.5555555555555556,61,8,1,259,0.3741708542713569
5.315789473684211,1,25,0,0.10150753768844221,0.5833333333333334,63,5,3,220,0.25628140703517593
6.533333333333333,0,25,2,0.09748743718592964,0.609375,80,1,1,280,0.3725628140703518
4.25,0,12,0,0.034170854271356785,0.42857142857142855,27,1,0,208,0.3804020100502513
5.0,1,12,0,0.04522613065326633,0.7142857142857143,47,1,0,272,0.28592964824120615
3.533333333333333,0,22,0,0.053266331658291456,0.5510204081632653,53,1,0,230,0.38080402010050257
6.2,0,7,0,0.031155778894472363,0.2222222222222222,11,1,1,271,0.37085427135678406
2.0,0,6,0,0.008040201005025126,0.76,27,4,0,230,0.3828140703517589
4.6923076923076925,1,21,0,0.061306532663316586,0.5434782608695652,51,1,0,256,0.2878391959798996
2.1666666666666665,0,6,0,0.01306532663316583,0.75,26,1,0,262,0.37919597989949755
4.352941176470588,1,21,0,0.0743718592964824,0.46153846153846156,45,1,0,202,0.28391959798994987
5.214285714285714,1,19,0,0.07336683417085427,0.6779661016949152,62,1,0,274,0.28753768844221117
4.0,0,23,0,0.07236180904522613,0.4523809523809524,48,1,2,269,0.3671356783919599
3.6,0,16,0,0.036180904522613064,0.5675675675675675,39,3,0,277,0.383819095477387
2.857142857142857,0,12,0,0.020100502512562814,0.4782608695652174,25,1,0,296,0.38080402010050257
6.333333333333333,0,20,0,0.0763819095477387,0.6363636363636364,66,4,0,269,0.38130653266331666
4.2,0,7,0,0.021105527638190954,0.6666666666666666,25,1,1,287,0.37396984924623117
3.0,1,11,0,0.027135678391959798,0.5217391304347826,25,1,0,268,0.2813065326633166
4.0,0,14,0,0.044221105527638194,0.72,54,4,2,274,0.36522613065326637
3.875,0,14,2,0.031155778894472363,0.5757575757575758,35,1,0,252,0.38
3.9375,2,23,1,0.06331658291457286,0.6617647058823529,71,1,2,231,0.1608040201005026
5.0,0,7,0,0.02512562814070352,0.75,44,3,0,220,0.37859296482412064
3.5,0,20,1,0.04221105527638191,0.5238095238095238,44,1,2,250,0.35909547738693476
4.642857142857143,1,19,0,0.06532663316582915,0.6545454545454545,60,1,1,300,0.27467336683417093
1.8,1,6,0,0.009045226130653266,0.6842105263157895,22,1,0,281,0.2786934673366835
4.0625,0,24,0,0.06532663316582915,0.6065573770491803,73,1,0,282,0.3824120603015076
5.461538461538462,1,21,0,0.07135678391959799,0.6181818181818182,63,1,0,292,0.28221105527638196
2.875,0,13,1,0.023115577889447236,0.43478260869565216,27,3,0,244,0.37809045226130655
4.923076923076923,2,20,1,0.06432160804020101,0.5454545454545454,47,1,1,207,0.17035175879396994
3.357142857142857,1,20,0,0.04723618090452261,0.4444444444444444,47,1,1,257,0.27306532663316585
4.0,1,20,0,0.05628140703517588,0.6153846153846154,61,1,1,216,0.2722613065326634
6.0,1,17,0,0.08442211055276382,0.6458333333333334,53,1,1,246,0.2766834170854272
3.75,0,5,0,0.01507537688442211,0.0,7,1,0,216,0.3756783919597991
3.2,0,6,0,0.016080402010050253,0.3333333333333333,11,1,0,306,0.3812060301507538
3.857142857142857,0,8,0,0.027135678391959798,0.6521739130434783,26,1,1,289,0.37507537688442216
1.5,0,3,0,0.003015075376884422,0.88,27,1,0,244,0.37859296482412064
3.4545454545454546,0,15,0,0.03819095477386935,0.4444444444444444,33,1,1,254,0.3705527638190955
1.5,0,3,0,0.003015075376884422,0.4,7,1,0,253,0.37577889447236185
5.533333333333333,0,22,0,0.08341708542713568,0.6,62,1,2,241,0.36783919597989956
4.538461538461538,0,19,0,0.0592964824120603,0.5957446808510638,52,4,0,216,0.37718592964824127
4.666666666666667,1,26,2,0.08442211055276382,0.6060606060606061,75,1,3,277,0.2541708542713569
3.5,0,10,0,0.02814070351758794,0.5833333333333334,27,1,0,237,0.37728643216080404
6.0,1,14,2,0.03015075376884422,0.7083333333333334,59,1,0,290,0.2764824120603016
2.5,0,3,0,0.005025125628140704,0.4,7,1,0,238,0.3798994974874372
4.529411764705882,0,25,0,0.07738693467336684,0.4318181818181818,44,10,2,251,0.3639195979899498
4.75,0,20,0,0.0763819095477387,0.6610169491525424,72,1,1,273,0.3757788944723619
2.5,0,5,0,0.010050251256281407,0.6875,18,1,0,283,0.382713567839196
3.1818181818181817,0,37,0,0.07035175879396985,0.5316455696202531,87,1,0,233,0.37969849246231163
4.722222222222222,1,32,0,0.08542713567839195,0.37254901960784315,57,4,0,238,0.28271356783919604
5.090909090909091,0,33,0,0.11256281407035176,0.484375,80,1,2,196,0.3596984924623116
5.571428571428571,0,8,0,0.03919597989949749,0.6521739130434783,27,4,1,298,0.3744723618090453
4.5,0,5,2,0.009045226130653266,0.16666666666666666,9,1,0,290,0.38070351758793974
4.4,1,15,0,0.04321608040201005,0.6938775510204082,53,1,1,235,0.27326633165829156
5.0,0,18,0,0.06030150753768844,0.5384615384615384,43,1,2,251,0.3645226130653267
5.25,0,25,0,0.08442211055276382,0.6031746031746031,72,1,0,218,0.3802010050251257
4.0,0,10,0,0.036180904522613064,0.6666666666666666,35,4,1,218,0.37246231155778897
4.3125,0,28,0,0.06934673366834171,0.6216216216216216,85,1,2,232,0.3661306532663317
3.2857142857142856,0,22,0,0.04623115577889447,0.5769230769230769,55,3,1,219,0.36653266331658296
3.857142857142857,2,22,1,0.054271356783919596,0.5217391304347826,49,1,1,217,0.16874371859296491
3.5,1,10,0,0.021105527638190954,0.6296296296296297,29,6,0,316,0.2829145728643217
3.25,1,5,0,0.01306532663316583,0.375,10,1,0,273,0.2804020100502514
3.2142857142857144,0,19,2,0.04522613065326633,0.5681818181818182,45,1,0,254,0.3869346733668342
4.0588235294117645,0,27,0,0.06834170854271357,0.4375,61,1,1,234,0.3710552763819096
4.428571428571429,1,9,0,0.031155778894472363,0.6538461538461539,31,1,0,237,0.28170854271356793
4.333333333333333,0,18,0,0.05226130653266332,0.6896551724137931,62,1,0,258,0.37939698492462315
6.142857142857143,0,10,0,0.04321608040201005,0.5652173913043478,26,1,1,225,0.37065326633165835
4.318181818181818,1,31,0,0.09547738693467336,0.5230769230769231,75,4,1,202,0.270854271356784
3.8125,1,25,0,0.061306532663316586,0.5901639344262295,78,1,0,223,0.2771859296482413
5.2,0,16,0,0.05226130653266332,0.7142857142857143,63,1,2,214,0.36060301507537695
7.0,3,26,0,0.12663316582914572,0.6060606060606061,79,1,2,218,0.05829145728643227
5.2,0,13,0,0.05226130653266332,0.5185185185185185,34,3,0,233,0.3795979899497488
4.333333333333333,0,10,0,0.02613065326633166,0.4117647058823529,23,1,0,203,0.3812060301507538
3.95,0,26,0,0.07939698492462312,0.5185185185185185,69,1,2,260,0.36241206030150763
5.714285714285714,0,20,0,0.08040201005025126,0.5555555555555556,54,1,0,281,0.3823115577889448
5.923076923076923,0,22,0,0.07738693467336684,0.5849056603773585,65,1,2,300,0.3643216080402011
4.529411764705882,0,24,0,0.0763819095477387,0.6417910447761194,78,1,1,285,0.3733668341708543
3.642857142857143,0,18,0,0.05125628140703518,0.6842105263157895,60,1,0,274,0.3826130653266332
2.5,0,19,0,0.03015075376884422,0.5957446808510638,50,1,0,292,0.38241206030150754
2.25,0,10,0,0.018090452261306532,0.2857142857142857,16,1,0,291,0.3820100502512563
5.285714285714286,0,22,0,0.0743718592964824,0.6,65,1,4,230,0.34190954773869353
5.666666666666667,0,20,1,0.06834170854271357,0.48717948717948717,58,5,0,272,0.3790954773869347
4.05,0,25,0,0.0814070351758794,0.5833333333333334,70,1,2,238,0.3640201005025126
4.875,0,13,0,0.03919597989949749,0.5666666666666667,37,1,0,292,0.3802010050251257
6.0,1,19,0,0.07738693467336684,0.5869565217391305,55,1,1,304,0.27527638190954784
3.5,1,10,0,0.021105527638190954,0.6551724137931034,31,1,1,281,0.2701507537688443
3.4444444444444446,0,16,0,0.031155778894472363,0.5789473684210527,44,1,0,255,0.3842211055276383
3.5,0,4,1,0.007035175879396985,0.3333333333333333,7,1,0,296,0.3817085427135679
4.368421052631579,0,29,2,0.08341708542713568,0.532258064516129,67,1,0,198,0.3813065326633166
5.818181818181818,0,20,2,0.06331658291457286,0.574468085106383,57,1,0,259,0.38020100502512566
4.714285714285714,0,8,0,0.033165829145728645,0.6,28,1,0,268,0.38080402010050257
2.0,0,4,0,0.006030150753768844,0.2,7,1,0,263,0.37859296482412064
5.0,0,5,0,0.01507537688442211,0.4444444444444444,10,1,0,206,0.3804020100502513
3.0,0,3,0,0.006030150753768844,0.6666666666666666,11,1,0,272,0.3807035175879397
3.4,0,14,0,0.034170854271356785,0.5333333333333333,31,1,0,245,0.38010050251256283
4.714285714285714,1,17,0,0.06633165829145729,0.6304347826086957,57,5,1,244,0.26934673366834183
3.6,0,13,0,0.036180904522613064,0.6285714285714286,38,1,0,263,0.381105527638191
4.933333333333334,0,25,0,0.0743718592964824,0.46808510638297873,56,1,0,244,0.37969849246231163
3.588235294117647,0,29,0,0.06030150753768844,0.5166666666666667,66,1,0,278,0.3813065326633166
2.3333333333333335,0,3,0,0.007035175879396985,0.7272727272727273,13,1,0,196,0.37859296482412064
3.5555555555555554,1,12,0,0.032160804020100506,0.7272727272727273,44,5,0,288,0.2830150753768846
6.142857142857143,0,26,0,0.0864321608040201,0.5517241379310345,72,1,2,221,0.3577889447236181
4.4,1,22,0,0.06633165829145729,0.6206896551724138,69,1,1,230,0.2709547738693468
4.318181818181818,0,32,0,0.09447236180904522,0.6144578313253012,94,4,3,266,0.3537688442211056
5.0,0,7,0,0.020100502512562814,0.7666666666666667,35,1,0,290,0.3802010050251257
5.5,1,2,0,0.011055276381909548,0.0,9,5,0,286,0.28301507537688453
1.4,0,8,0,0.007035175879396985,0.0,12,1,0,288,0.37839195979899504
3.8,1,7,0,0.019095477386934675,0.3,12,1,0,292,0.28381909547738704
1.5,1,5,0,0.006030150753768844,0.375,10,1,0,278,0.2819095477386936
5.384615384615385,0,18,0,0.07035175879396985,0.6086956521739131,64,1,2,221,0.3619095477386935
5.533333333333333,0,26,0,0.08341708542713568,0.43478260869565216,58,1,1,274,0.3769849246231156
5.75,0,8,0,0.023115577889447236,0.3333333333333333,15,3,0,232,0.3805025125628141
5.5,1,4,1,0.011055276381909548,0.5555555555555556,10,1,0,199,0.27417085427135685
1.3333333333333333,0,6,2,0.004020100502512563,0.625,17,1,0,270,0.3812060301507538
5.523809523809524,1,31,0,0.11658291457286432,0.6219512195121951,92,1,1,236,0.2717587939698493
1.0,0,6,0,0.004020100502512563,0.4,12,1,0,237,0.3813065326633166
4.461538461538462,1,22,0,0.05829145728643216,0.6666666666666666,66,5,1,257,0.2716582914572866
3.625,0,15,2,0.02914572864321608,0.4642857142857143,33,1,1,323,0.37135678391959803
5.285714285714286,1,32,0,0.11155778894472362,0.47540983606557374,72,8,1,246,0.275175879396985
5.0,1,14,0,0.04522613065326633,0.6666666666666666,43,1,0,264,0.2824120603015076
6.277777777777778,1,28,0,0.1135678391959799,0.4909090909090909,60,1,3,206,0.2541708542713569
3.272727272727273,1,17,1,0.036180904522613064,0.66,54,1,1,219,0.26753768844221115
4.714285714285714,0,21,1,0.06633165829145729,0.5,51,1,0,285,0.38412060301507545
4.076923076923077,0,16,0,0.053266331658291456,0.5294117647058824,38,1,0,302,0.38603015075376884
3.25,0,10,0,0.02613065326633166,0.5652173913043478,27,1,0,261,0.3812060301507538
3.272727272727273,0,14,2,0.036180904522613064,0.6111111111111112,39,1,0,283,0.38381909547738696
3.2857142857142856,0,10,0,0.023115577889447236,0.3333333333333333,16,1,0,231,0.3798994974874372
4.473684210526316,0,33,0,0.08241206030150754,0.5217391304347826,78,1,1,262,0.37296482412060306
5.9375,1,23,0,0.09547738693467336,0.5490196078431373,54,5,1,212,0.2780904522613067
3.0,0,5,0,0.012060301507537688,0.6875,18,1,0,279,0.38351758793969853
1.3333333333333333,0,4,0,0.004020100502512563,0.3333333333333333,9,1,0,231,0.37969849246231163
5.5,0,25,0,0.08844221105527639,0.5,61,1,3,259,0.35427135678391963
4.666666666666667,0,18,0,0.07035175879396985,0.6538461538461539,61,1,1,280,0.3716582914572865
4.923076923076923,2,19,0,0.06432160804020101,0.6779661016949152,76,11,1,239,0.16432160804020113
4.0,0,12,0,0.04020100502512563,0.76,54,1,0,241,0.38150753768844226
4.75,0,17,2,0.05728643216080402,0.6304347826086957,50,1,1,284,0.37577889447236185
3.0,0,16,0,0.036180904522613064,0.5294117647058824,37,5,0,282,0.381105527638191
5.333333333333333,0,24,0,0.06432160804020101,0.5555555555555556,62,1,1,274,0.37547738693467336
4.5,1,2,0,0.009045226130653266,0.6666666666666666,12,8,1,242,0.2694472361809046
4.933333333333334,0,21,2,0.0743718592964824,0.6911764705882353,73,1,0,216,0.3855276381909548
3.6,0,19,0,0.054271356783919596,0.6415094339622641,59,1,1,291,0.3737688442211055
5.2,0,10,0,0.02613065326633166,0.375,20,1,0,212,0.37487437185929656
2.9166666666666665,0,21,0,0.035175879396984924,0.65,66,1,0,303,0.37989949748743723
3.6,0,9,2,0.018090452261306532,0.4,17,1,0,200,0.38
1.6666666666666667,0,3,0,0.005025125628140704,0.5,10,1,0,260,0.38381909547738696
4.888888888888889,0,11,0,0.044221105527638194,0.3125,15,14,0,268,0.38341708542713576
4.055555555555555,0,30,0,0.07336683417085427,0.4915254237288136,65,1,1,221,0.3709547738693468
4.428571428571429,1,18,1,0.062311557788944726,0.6538461538461539,56,1,0,308,0.28321608040201013
5.2,0,20,2,0.05226130653266332,0.6551724137931034,65,8,1,262,0.374070351758794
3.7142857142857144,1,9,0,0.02613065326633166,0.55,25,1,1,238,0.2689447236180906
4.428571428571429,0,23,0,0.062311557788944726,0.6567164179104478,76,1,3,233,0.34994974874371865
4.5,0,12,0,0.036180904522613064,0.4782608695652174,27,1,0,351,0.3874371859296483
5.0,0,20,0,0.07035175879396985,0.6721311475409836,73,1,3,221,0.3510552763819096
5.666666666666667,0,16,2,0.06834170854271357,0.5555555555555556,42,1,1,290,0.37366834170854274
4.909090909090909,1,19,0,0.054271356783919596,0.5476190476190477,46,1,0,212,0.2797989949748745
5.2727272727272725,1,16,0,0.05829145728643216,0.5151515151515151,39,5,1,261,0.2727638190954775
5.454545454545454,1,18,1,0.06030150753768844,0.5813953488372093,49,1,0,277,0.2798994974874372
4.7272727272727275,1,13,0,0.05226130653266332,0.5357142857142857,34,1,0,251,0.28572864321608055
5.6,0,22,0,0.08442211055276382,0.6,63,1,3,259,0.35316582914572875
3.3333333333333335,0,4,0,0.010050251256281407,0.5,10,1,0,225,0.38211055276381917
6.333333333333333,1,8,2,0.019095477386934675,0.2727272727272727,15,1,0,306,0.28201005025125636
5.0,0,17,0,0.05527638190954774,0.7068965517241379,66,5,0,215,0.38150753768844226
5.166666666666667,0,18,0,0.062311557788944726,0.6785714285714286,66,1,0,234,0.37678391959798996
5.857142857142857,0,11,0,0.04120603015075377,0.8035714285714286,61,4,0,257,0.3818090452261307
4.538461538461538,0,22,0,0.0592964824120603,0.5,49,5,0,263,0.3838190954773869
4.809523809523809,1,31,0,0.10050251256281408,0.44642857142857145,67,1,3,211,0.24974874371859307
5.0,0,5,0,0.01507537688442211,0.16666666666666666,10,4,0,211,0.37809045226130655
4.25,0,5,0,0.017085427135678392,0.6875,17,1,0,237,0.37969849246231163
4.0,0,4,0,0.012060301507537688,0.6666666666666666,15,1,0,301,0.3809045226130654
3.1176470588235294,0,25,0,0.053266331658291456,0.5192307692307693,58,1,1,295,0.3725628140703518
5.0,0,27,2,0.09045226130653267,0.49056603773584906,60,5,3,218,0.35587939698492466
4.666666666666667,0,6,3,0.01407035175879397,0.5384615384615384,21,1,0,216,0.37889447236180906
6.333333333333333,0,22,0,0.09547738693467336,0.6507936507936508,72,1,0,244,0.3863316582914573
4.176470588235294,0,24,0,0.07135678391959799,0.5471698113207547,65,1,1,244,0.3709547738693468
5.2727272727272725,1,20,0,0.05829145728643216,0.6428571428571429,64,9,1,253,0.27356783919598
5.0,0,5,0,0.01507537688442211,0.7222222222222222,20,1,0,280,0.3837185929648242
5.6,1,8,2,0.02814070351758794,0.5,18,1,0,252,0.2824120603015076
4.833333333333333,0,21,0,0.05829145728643216,0.5227272727272727,52,1,1,257,0.3717587939698493
6.5,1,3,0,0.01306532663316583,0.4,7,1,0,258,0.2793969849246232
5.545454545454546,0,15,0,0.061306532663316586,0.4444444444444444,38,1,1,276,0.37336683417085426
1.5,0,6,0,0.006030150753768844,0.4,12,1,0,276,0.3808040201005026
4.4375,1,23,0,0.07135678391959799,0.6101694915254238,67,1,1,291,0.274070351758794
5.538461538461538,1,15,0,0.07236180904522613,0.6511627906976745,51,5,1,296,0.2716582914572865
4.857142857142857,0,31,0,0.10251256281407035,0.5921052631578947,85,1,0,197,0.37919597989949755
4.3125,3,23,0,0.06934673366834171,0.5106382978723404,54,1,1,275,0.07306532663316602
4.833333333333333,0,7,0,0.02914572864321608,0.36363636363636365,13,1,1,203,0.3682412060301508
5.230769230769231,0,24,2,0.06834170854271357,0.4146341463414634,53,1,2,190,0.3577889447236181
5.235294117647059,2,26,0,0.08944723618090453,0.6438356164383562,75,1,1,229,0.17537688442211066
5.230769230769231,1,18,2,0.06834170854271357,0.6326530612244898,57,1,2,225,0.2617085427135679
4.333333333333333,1,10,0,0.02613065326633166,0.4444444444444444,20,1,0,253,0.2796984924623117
1.8333333333333333,0,8,2,0.011055276381909548,0.4666666666666667,17,1,0,232,0.38
4.466666666666667,0,23,0,0.06733668341708543,0.6166666666666667,68,1,2,249,0.35929648241206036
6.7,1,18,1,0.06733668341708543,0.5714285714285714,48,1,1,257,0.2748743718592966
4.3125,1,22,0,0.06934673366834171,0.5925925925925926,56,3,2,297,0.2625125628140704
5.2105263157894735,0,28,2,0.09949748743718594,0.5,62,1,3,235,0.35678391959799
1.3333333333333333,0,5,2,0.004020100502512563,0.5454545454545454,15,1,0,267,0.38281407035175885
4.142857142857143,0,10,0,0.02914572864321608,0.6296296296296297,34,1,1,215,0.36834170854271364
3.6666666666666665,0,16,0,0.04321608040201005,0.5675675675675675,40,1,1,239,0.3719597989949749
3.8,0,5,0,0.019095477386934675,0.5454545454545454,18,1,1,233,0.3709547738693468
4.7272727272727275,0,16,0,0.05226130653266332,0.6190476190476191,45,7,2,293,0.3644221105527639
4.166666666666667,0,11,0,0.02512562814070352,0.45,24,4,1,274,0.369246231155779
3.3333333333333335,0,27,1,0.05025125628140704,0.5573770491803278,70,1,1,241,0.36884422110552767
3.1666666666666665,0,18,0,0.03819095477386935,0.660377358490566,57,5,0,263,0.3824120603015076
4.666666666666667,1,25,0,0.08442211055276382,0.576271186440678,68,1,3,251,0.25256281407035186
4.5,0,9,0,0.018090452261306532,0.47058823529411764,20,1,0,223,0.3743718592964824
5.375,0,10,0,0.04321608040201005,0.6428571428571429,35,4,1,241,0.368643216080402
4.555555555555555,2,25,1,0.08241206030150754,0.5967741935483871,73,1,2,275,0.16130653266331677
5.0,1,4,1,0.010050251256281407,0.42857142857142855,9,1,0,302,0.2831155778894474
4.909090909090909,0,18,0,0.054271356783919596,0.6727272727272727,65,1,1,290,0.3689447236180905
3.5714285714285716,1,19,0,0.04924623115577889,0.6545454545454545,68,1,2,291,0.26502512562814073
4.846153846153846,1,23,2,0.062311557788944726,0.5740740740740741,64,1,2,272,0.2627135678391961
3.4166666666666665,0,24,2,0.04120603015075377,0.6129032258064516,65,1,0,261,0.38190954773869346
5.866666666666666,0,23,0,0.08844221105527639,0.5892857142857143,66,1,0,282,0.385427135678392
4.818181818181818,2,16,1,0.053266331658291456,0.5789473684210527,43,1,1,228,0.17015075376884434
5.125,0,21,0,0.08241206030150754,0.4878048780487805,50,1,3,251,0.3541708542713568
6.5,1,25,0,0.10452261306532663,0.5283018867924528,65,1,0,258,0.2810050251256283
5.066666666666666,0,23,0,0.0763819095477387,0.5740740740740741,71,1,2,232,0.35788944723618094
5.083333333333333,0,19,0,0.061306532663316586,0.5581395348837209,47,8,1,189,0.36773869346733673
3.5625,0,27,2,0.05728643216080402,0.5909090909090909,73,1,3,252,0.35256281407035184
5.416666666666667,1,16,0,0.06532663316582915,0.6981132075471698,60,1,0,217,0.2824120603015076
5.333333333333333,0,5,0,0.016080402010050253,0.5,12,1,1,251,0.3699497487437186
1.0,0,3,0,0.0020100502512562816,0.625,10,1,0,269,0.381105527638191
3.4,0,12,0,0.033165829145728645,0.5384615384615384,32,1,1,298,0.3723618090452262
4.0,0,22,0,0.06030150753768844,0.5416666666666666,59,1,1,314,0.370854271356784
6.111111111111111,0,14,0,0.05527638190954774,0.5757575757575758,40,1,0,250,0.3833165829145729
4.6,0,25,0,0.06934673366834171,0.6153846153846154,72,1,0,246,0.38301507537688445
4.461538461538462,0,23,0,0.05829145728643216,0.6349206349206349,78,1,1,198,0.37065326633165835
3.3333333333333335,0,7,2,0.010050251256281407,0.65,22,1,0,290,0.38211055276381917
4.294117647058823,1,28,0,0.07336683417085427,0.44,57,1,2,245,0.2592964824120604
5.230769230769231,0,21,0,0.06834170854271357,0.6037735849056604,64,1,2,252,0.3634170854271357
5.916666666666667,3,15,1,0.07135678391959799,0.6153846153846154,44,1,3,248,0.05316582914572876
3.6875,1,19,0,0.0592964824120603,0.5957446808510638,57,1,2,210,0.25758793969849253
5.454545454545454,0,17,0,0.06030150753768844,0.5277777777777778,43,1,1,268,0.372462311557789
5.705882352941177,1,27,2,0.09748743718592964,0.55,77,1,2,226,0.2634170854271358
3.9166666666666665,0,19,2,0.04723618090452261,0.4411764705882353,40,1,3,278,0.35316582914572875
2.5,0,9,1,0.01507537688442211,0.5909090909090909,27,3,0,287,0.37939698492462315
3.5789473684210527,0,27,0,0.06733668341708543,0.5909090909090909,71,1,2,231,0.3605025125628141
4.125,1,13,1,0.032160804020100506,0.5357142857142857,30,1,0,232,0.28020100502512574
4.117647058823529,0,26,0,0.07035175879396985,0.5272727272727272,63,1,0,287,0.3873366834170855
5.0,0,6,0,0.02512562814070352,0.6666666666666666,21,1,1,247,0.37216080402010054
2.8,0,14,0,0.02814070351758794,0.6111111111111112,41,1,0,239,0.38381909547738696
1.7142857142857142,0,10,0,0.012060301507537688,0.6,27,1,0,266,0.38
5.363636363636363,0,14,0,0.0592964824120603,0.5333333333333333,35,1,1,177,0.37236180904522614
4.5,0,29,2,0.0814070351758794,0.4423076923076923,56,3,0,213,0.3839195979899498
2.0,1,6,1,0.006030150753768844,0.4,12,1,0,202,0.2760804020100503
4.875,1,24,1,0.07839195979899498,0.6571428571428571,87,1,1,190,0.2712562814070352
6.214285714285714,1,23,0,0.08743718592964825,0.6229508196721312,67,1,1,237,0.26974874371859303
5.538461538461538,0,22,0,0.07236180904522613,0.6271186440677966,72,1,2,265,0.36532663316582914
6.666666666666667,0,5,0,0.020100502512562814,0.4444444444444444,12,5,0,293,0.38
4.583333333333333,0,20,0,0.05527638190954774,0.5238095238095238,51,1,1,210,0.3703517587939699
5.333333333333333,1,28,0,0.0964824120603015,0.5409836065573771,86,1,3,225,0.24763819095477396
4.6,0,22,0,0.06834170854271357,0.5510204081632653,54,1,4,226,0.34140703517587945
5.214285714285714,0,20,0,0.07336683417085427,0.6363636363636364,65,1,1,290,0.3708542713567839
3.9285714285714284,2,23,0,0.05527638190954774,0.5892857142857143,58,1,2,253,0.16180904522613077
2.8,0,6,0,0.01407035175879397,0.3333333333333333,10,1,0,242,0.38030150753768854
9.0,0,4,0,0.018090452261306532,0.6666666666666666,17,5,0,270,0.38341708542713565
2.5,0,4,1,0.005025125628140704,0.3333333333333333,7,1,0,239,0.3831155778894473
5.15,2,34,0,0.1035175879396985,0.5,81,1,2,224,0.15608040201005036
5.0,0,9,2,0.02512562814070352,0.6785714285714286,33,1,1,321,0.37296482412060306
4.5,0,11,0,0.036180904522613064,0.8035714285714286,72,1,0,313,0.3814070351758794
6.0,0,4,0,0.024120603015075376,0.7333333333333333,20,4,2,261,0.36653266331658296
4.083333333333333,1,17,0,0.04924623115577889,0.41379310344827586,35,1,2,264,0.2612060301507539
4.454545454545454,1,15,0,0.04924623115577889,0.5454545454545454,38,3,0,250,0.2830150753768844
6.0,0,4,2,0.006030150753768844,0.3333333333333333,7,1,0,237,0.37688442211055284
5.153846153846154,0,15,0,0.06733668341708543,0.7115384615384616,63,1,4,249,0.34422110552763824
4.214285714285714,2,16,1,0.0592964824120603,0.6,48,5,0,274,0.17809045226130668
5.0,0,10,0,0.035175879396984924,0.5,24,1,0,296,0.3855276381909548
5.3,0,28,0,0.10653266331658291,0.5,66,1,0,261,0.38733668341708544
5.545454545454546,0,13,0,0.061306532663316586,0.5,33,1,1,279,0.37226130653266337
5.5,0,6,0,0.022110552763819097,0.3333333333333333,11,1,1,253,0.37115577889447243
3.9375,1,20,0,0.06331658291457286,0.6363636363636364,61,1,2,229,0.25939698492462326
4.357142857142857,0,23,0,0.061306532663316586,0.46511627906976744,53,1,1,292,0.37226130653266337
7.0,0,3,0,0.01407035175879397,0.7,14,1,0,236,0.38010050251256283
4.666666666666667,0,9,2,0.02814070351758794,0.47058823529411764,18,1,0,218,0.38150753768844226
3.6470588235294117,0,24,0,0.062311557788944726,0.5294117647058824,60,1,0,256,0.38211055276381917
3.8947368421052633,1,29,0,0.0743718592964824,0.48214285714285715,59,5,0,210,0.28170854271356793
5.04,1,36,0,0.12663316582914572,0.5324675324675324,87,8,1,215,0.27477386934673376
5.529411764705882,0,25,0,0.09447236180904522,0.4897959183673469,56,1,2,239,0.36542713567839197
4.461538461538462,0,19,0,0.05728643216080402,0.6481481481481481,58,1,0,245,0.38211055276381917
4.791666666666667,2,34,0,0.11557788944723618,0.48484848484848486,77,1,3,230,0.15256281407035185
5.733333333333333,2,27,0,0.0864321608040201,0.5178571428571429,74,1,0,321,0.18160804020100518
5.266666666666667,1,22,0,0.07939698492462312,0.4883720930232558,57,3,1,231,0.2714572864321608
6.5,0,2,0,0.01306532663316583,0.5,10,1,0,245,0.3809045226130654
2.3333333333333335,0,4,0,0.007035175879396985,0.42857142857142855,11,1,0,264,0.382211055276382
4.933333333333334,0,21,0,0.0743718592964824,0.5,49,1,0,293,0.38603015075376884
3.4,0,7,0,0.017085427135678392,0.7083333333333334,26,1,1,259,0.3702512562814071
4.466666666666667,2,20,0,0.06733668341708543,0.696969696969697,76,1,1,270,0.17276381909547747
4.15,1,32,0,0.08341708542713568,0.632183908045977,98,1,1,201,0.26834170854271366
4.5,0,33,2,0.09045226130653267,0.49230769230769234,87,1,1,222,0.3707537688442212
4.571428571428571,1,8,0,0.032160804020100506,0.6363636363636364,27,8,0,311,0.2815075376884423
5.166666666666667,0,10,0,0.031155778894472363,0.47368421052631576,26,1,0,224,0.38150753768844226
4.384615384615385,0,18,0,0.05728643216080402,0.6538461538461539,57,1,0,265,0.38
4.916666666666667,1,15,0,0.0592964824120603,0.5,34,1,3,310,0.25768844221105536
3.8333333333333335,0,10,0,0.023115577889447236,0.6,32,1,0,308,0.3818090452261307
3.3333333333333335,0,5,0,0.010050251256281407,0.2857142857142857,8,3,0,253,0.381105527638191
6.666666666666667,0,5,0,0.020100502512562814,0.2857142857142857,9,1,0,241,0.37809045226130655
5.5,1,11,2,0.044221105527638194,0.5769230769230769,30,1,1,248,0.26994974874371863
4.666666666666667,0,23,0,0.07035175879396985,0.6349206349206349,74,1,1,217,0.3714572864321608
3.7142857142857144,2,12,3,0.02613065326633166,0.4782608695652174,29,1,0,248,0.18110552763819113
3.0,0,14,0,0.033165829145728645,0.6111111111111112,40,1,0,256,0.38070351758793974
4.25,1,8,0,0.017085427135678392,0.42857142857142855,16,1,0,249,0.2804020100502514
4.928571428571429,0,21,0,0.06934673366834171,0.5116279069767442,50,1,0,292,0.3833165829145729
4.809523809523809,0,30,0,0.10150753768844221,0.5454545454545454,73,1,0,248,0.388140703517588
4.333333333333333,0,22,0,0.06532663316582915,0.6071428571428571,65,4,1,203,0.3688442211055276
4.7727272727272725,1,28,0,0.10552763819095477,0.5692307692307692,79,1,3,240,0.25236180904522626
2.6,0,15,0,0.02613065326633166,0.53125,34,4,1,265,0.369246231155779
2.1666666666666665,0,13,0,0.02613065326633166,0.6388888888888888,39,5,2,240,0.36140703517587947
3.625,0,11,0,0.02914572864321608,0.47619047619047616,24,1,1,253,0.3694472361809046
4.823529411764706,0,28,0,0.08241206030150754,0.5172413793103449,67,1,1,221,0.3732663316582915
5.3,1,16,0,0.053266331658291456,0.7090909090909091,63,1,1,248,0.27216080402010057
5.25,2,20,0,0.06331658291457286,0.5918367346938775,51,11,0,220,0.18241206030150767
4.857142857142857,1,14,1,0.034170854271356785,0.6111111111111112,39,1,0,264,0.2810050251256283
4.909090909090909,0,15,0,0.054271356783919596,0.5714285714285714,43,1,1,212,0.36793969849246233
7.0,0,4,0,0.021105527638190954,0.42857142857142855,12,1,0,226,0.381105527638191
4.7894736842105265,2,25,0,0.08944723618090453,0.5614035087719298,68,1,2,286,0.1613065326633167
4.0,1,5,0,0.016080402010050253,0.7058823529411765,20,1,0,210,0.2772864321608041
5.421052631578948,1,29,1,0.1035175879396985,0.5972222222222222,82,1,1,219,0.27266331658291465
4.0,1,14,0,0.04020100502512563,0.7142857142857143,56,5,0,299,0.28150753768844233
5.071428571428571,1,18,0,0.07135678391959799,0.6086956521739131,53,1,1,259,0.27236180904522617
3.8333333333333335,1,26,0,0.06934673366834171,0.5873015873015873,76,1,1,260,0.27246231155778905
4.352941176470588,0,20,0,0.0743718592964824,0.6363636363636364,67,1,3,276,0.35557788944723623
5.833333333333333,0,17,0,0.07035175879396985,0.6136363636363636,52,1,1,256,0.37547738693467336
4.9375,1,26,2,0.07939698492462312,0.5272727272727272,68,1,1,259,0.2702512562814071
2.0,0,3,1,0.004020100502512563,0.7692307692307693,15,1,0,246,0.379497487437186
6.2,0,28,0,0.12462311557788945,0.5172413793103449,74,1,2,260,0.36422110552763826
3.727272727272727,0,16,2,0.04120603015075377,0.5151515151515151,37,1,1,270,0.37216080402010054
3.25,0,5,0,0.01306532663316583,0.2857142857142857,9,1,0,244,0.38301507537688445
5.0,0,13,0,0.05025125628140704,0.5517241379310345,37,1,0,301,0.3863316582914573
5.222222222222222,0,14,0,0.04723618090452261,0.72,59,7,2,281,0.36110552763819104
4.2727272727272725,0,17,0,0.04723618090452261,0.711864406779661,63,1,0,267,0.3802010050251257
6.454545454545454,0,15,0,0.07135678391959799,0.7321428571428571,74,1,1,267,0.37185929648241206
4.235294117647059,1,27,0,0.07236180904522613,0.509090909090909,57,1,1,308,0.2773869346733669
4.333333333333333,0,6,0,0.01306532663316583,0.6842105263157895,22,1,0,318,0.38301507537688445
5.6,1,25,1,0.11256281407035176,0.4791666666666667,54,1,4,242,0.24814070351758802
3.3333333333333335,1,14,1,0.03015075376884422,0.3,25,1,1,209,0.2702512562814071
3.875,0,22,0,0.062311557788944726,0.5111111111111111,49,1,2,247,0.36442211055276386
4.066666666666666,2,20,0,0.061306532663316586,0.5918367346938775,60,1,0,273,0.18371859296482426
4.5,0,27,0,0.09045226130653267,0.4807692307692308,70,4,2,211,0.3562814070351759
2.0,0,6,2,0.004020100502512563,0.7272727272727273,23,1,0,302,0.3828140703517589
4.6,0,14,0,0.04623115577889447,0.5333333333333333,32,1,0,238,0.37939698492462315
3.9,1,16,1,0.03919597989949749,0.5151515151515151,37,1,0,266,0.284321608040201
3.727272727272727,0,17,0,0.04120603015075377,0.41379310344827586,36,1,1,262,0.3704522613065327
5.380952380952381,0,34,0,0.1135678391959799,0.5405405405405406,89,8,1,195,0.371356783919598
3.090909090909091,0,14,0,0.034170854271356785,0.6216216216216216,38,1,0,307,0.38201005025125634
4.8125,2,26,2,0.07738693467336684,0.59375,70,1,1,313,0.17437185929648258
4.0,0,6,2,0.01507537688442211,0.5,14,1,0,274,0.38030150753768854
5.0,1,10,0,0.035175879396984924,0.6,31,1,0,254,0.2824120603015076
6.214285714285714,0,18,0,0.08743718592964825,0.7096774193548387,77,1,1,243,0.3736683417085428
2.3333333333333335,0,12,0,0.021105527638190954,0.6756756756756757,42,1,0,280,0.3832160804020101
3.2857142857142856,0,9,0,0.023115577889447236,0.47058823529411764,19,8,1,273,0.3689447236180905
4.076923076923077,1,17,0,0.053266331658291456,0.5277777777777778,38,6,2,260,0.2603015075376885
3.2666666666666666,1,17,1,0.04824120603015075,0.66,52,1,0,254,0.2815075376884423
4.95,1,33,0,0.09949748743718594,0.4406779661016949,67,3,3,187,0.2505527638190956
4.888888888888889,1,12,0,0.044221105527638194,0.625,34,5,1,262,0.27155778894472365
4.75,0,17,0,0.05628140703517588,0.6458333333333334,52,4,0,236,0.38080402010050257
4.769230769230769,0,20,0,0.062311557788944726,0.6296296296296297,60,1,0,215,0.3848241206030152
4.333333333333333,0,6,0,0.01306532663316583,0.3333333333333333,13,1,0,299,0.38341708542713576
5.142857142857143,0,11,0,0.036180904522613064,0.5217391304347826,27,1,0,294,0.3833165829145729
4.764705882352941,1,27,0,0.0814070351758794,0.5263157894736842,70,1,2,285,0.26201005025125634
4.285714285714286,0,11,0,0.03015075376884422,0.5769230769230769,25,9,1,212,0.3682412060301508
4.333333333333333,0,23,0,0.06532663316582915,0.5490196078431373,57,1,0,285,0.38492462311557796
3.466666666666667,0,19,0,0.05226130653266332,0.40625,35,1,0,237,0.3817085427135679
3.9166666666666665,0,16,0,0.04723618090452261,0.6981132075471698,60,1,3,252,0.35286432160804027
4.5,0,23,0,0.07236180904522613,0.4772727272727273,54,3,0,282,0.38351758793969853
5.454545454545454,1,15,1,0.06030150753768844,0.5714285714285714,42,1,0,228,0.2829145728643216
4.631578947368421,2,33,1,0.08743718592964825,0.36538461538461536,59,1,1,220,0.17085427135678402
4.533333333333333,1,22,0,0.06834170854271357,0.5925925925925926,56,1,0,294,0.28713567839195986
5.833333333333333,0,16,0,0.07035175879396985,0.6444444444444445,51,3,0,239,0.3849246231155779
5.461538461538462,2,20,0,0.07135678391959799,0.5918367346938775,52,5,2,265,0.16301507537688453
4.4,0,25,2,0.06633165829145729,0.6212121212121212,71,1,0,263,0.3809045226130654
10.0,0,3,0,0.020100502512562814,0.6666666666666666,10,7,0,311,0.38080402010050257
4.785714285714286,1,18,0,0.06733668341708543,0.6727272727272727,60,1,2,269,0.2637185929648242
4.5,0,10,0,0.036180904522613064,0.5238095238095238,26,1,0,216,0.3792964824120604
5.0,1,19,0,0.07537688442211055,0.5681818181818182,52,1,3,310,0.2542713567839196
3.0,0,4,0,0.009045226130653266,0.0,7,1,0,253,0.3802010050251257
2.0,0,6,2,0.006030150753768844,0.45454545454545453,12,1,0,233,0.38201005025125634
5.315789473684211,1,29,0,0.10150753768844221,0.3829787234042553,60,1,3,298,0.2555778894472363
3.8,0,7,0,0.019095477386934675,0.631578947368421,22,4,0,274,0.37859296482412064
4.7368421052631575,1,28,0,0.09045226130653267,0.5555555555555556,71,1,2,232,0.2630150753768845
5.454545454545454,0,19,0,0.06030150753768844,0.6346153846153846,57,1,0,271,0.38361809045226136
6.714285714285714,0,19,0,0.09447236180904522,0.5777777777777777,55,1,0,283,0.3853266331658292
4.866666666666666,1,22,0,0.07336683417085427,0.6,60,1,2,246,0.2617085427135679
4.625,0,22,2,0.0743718592964824,0.6451612903225806,68,1,3,239,0.3526633165829146
3.4,1,13,1,0.034170854271356785,0.48,28,1,1,182,0.26994974874371874
3.3333333333333335,1,4,1,0.010050251256281407,0.3333333333333333,8,1,0,191,0.2783919597989951
2.2,0,6,0,0.011055276381909548,0.7142857142857143,24,5,0,311,0.381105527638191
4.75,0,26,0,0.0763819095477387,0.4090909090909091,55,1,3,258,0.35417085427135686
4.928571428571429,0,24,0,0.06934673366834171,0.5714285714285714,61,1,1,277,0.37376884422110557
4.6,0,6,0,0.023115577889447236,0.45454545454545453,13,1,1,232,0.3707537688442211
3.0,0,3,0,0.006030150753768844,0.4,6,5,0,259,0.3784924623115578
6.571428571428571,0,10,0,0.04623115577889447,0.5238095238095238,24,1,0,231,0.38452261306532665
3.75,0,17,0,0.04522613065326633,0.5853658536585366,47,1,1,239,0.369748743718593
4.0,0,25,0,0.07236180904522613,0.576271186440678,66,1,2,218,0.3609045226130654
1.3333333333333333,0,4,0,0.004020100502512563,0.6923076923076923,15,1,0,244,0.37708542713567844
4.65,1,26,0,0.09346733668341708,0.543859649122807,69,1,1,207,0.2743718592964825
3.75,0,4,0,0.01507537688442211,0.3333333333333333,13,1,1,251,0.37145728643216086
4.6,3,20,0,0.04623115577889447,0.5555555555555556,49,1,1,301,0.07396984924623137
4.769230769230769,1,24,0,0.062311557788944726,0.5714285714285714,65,1,1,264,0.27316582914572873
4.0,1,2,0,0.008040201005025126,0.7142857142857143,8,7,0,264,0.28010050251256297
4.066666666666666,0,25,0,0.061306532663316586,0.6153846153846154,70,5,0,226,0.38100502512562817
5.5,0,5,0,0.022110552763819097,0.5833333333333334,16,1,0,294,0.38432160804020105
3.1666666666666665,1,7,0,0.019095477386934675,0.6111111111111112,21,1,0,259,0.28180904522613076
3.8461538461538463,1,19,0,0.05025125628140704,0.5681818181818182,49,1,0,286,0.2815075376884423
6.5,1,6,1,0.02613065326633166,0.3333333333333333,13,1,1,254,0.27316582914572873
5.0,1,4,0,0.01507537688442211,0.5,11,10,0,278,0.2840201005025127
5.3125,3,21,0,0.08542713567839195,0.5434782608695652,54,5,0,225,0.08160804020100518
4.4,0,20,1,0.06633165829145729,0.6,59,1,3,331,0.35849246231155785
3.8333333333333335,0,17,0,0.04522613065326633,0.5952380952380952,51,4,2,226,0.35949748743718596
4.454545454545454,0,16,0,0.04924623115577889,0.6444444444444445,47,6,1,250,0.3716582914572865
3.5,0,25,0,0.06934673366834171,0.609375,77,4,4,296,0.3379899497487438
4.45,0,28,0,0.08844221105527639,0.5555555555555556,76,3,1,245,0.37557788944723625
4.909090909090909,2,31,0,0.10854271356783919,0.5230769230769231,80,1,0,200,0.17959798994974885
5.846153846153846,1,23,2,0.0763819095477387,0.5660377358490566,64,1,0,249,0.2791959798994977
5.866666666666666,0,22,1,0.08844221105527639,0.6206896551724138,72,1,0,244,0.3793969849246231
5.454545454545454,0,14,1,0.0592964824120603,0.6111111111111112,40,1,1,271,0.3742713567839197
4.8125,0,23,0,0.07738693467336684,0.6461538461538462,72,1,2,209,0.3613065326633167
3.2857142857142856,1,11,1,0.023115577889447236,0.26666666666666666,16,1,1,277,0.2672361809045227
4.5,0,12,0,0.04522613065326633,0.5,28,1,0,252,0.3829145728643217
4.0,0,4,0,0.012060301507537688,0.6363636363636364,15,1,0,248,0.3763819095477387
5.0,0,9,0,0.035175879396984924,0.7272727272727273,39,4,1,217,0.37246231155778897
4.266666666666667,0,22,2,0.06432160804020101,0.6206896551724138,69,1,2,288,0.3628140703517589
4.214285714285714,0,23,0,0.0592964824120603,0.4888888888888889,55,1,2,240,0.35899497487437193
3.6,0,15,2,0.036180904522613064,0.5714285714285714,37,1,1,297,0.37547738693467336
3.8461538461538463,1,22,1,0.05025125628140704,0.6206896551724138,66,1,0,271,0.27939698492462317
4.571428571428571,1,11,0,0.032160804020100506,0.5925925925925926,35,1,1,232,0.2706532663316584
4.0,1,23,2,0.06030150753768844,0.5740740740740741,62,1,0,269,0.2834170854271357
5.5,0,4,0,0.011055276381909548,0.3333333333333333,7,3,0,260,0.37939698492462315
4.176470588235294,0,24,0,0.07135678391959799,0.6,68,1,0,247,0.3839195979899498
3.625,0,25,0,0.05829145728643216,0.5614035087719298,67,1,1,218,0.3683417085427137
4.25,0,17,0,0.05125628140703518,0.5641025641025641,46,1,0,267,0.38030150753768843
3.6315789473684212,0,25,0,0.06934673366834171,0.6153846153846154,73,1,2,242,0.3596984924623116
4.615384615384615,2,21,0,0.06030150753768844,0.5882352941176471,56,1,1,271,0.1720603015075378
2.0,0,5,0,0.008040201005025126,0.2857142857142857,10,1,0,280,0.3807035175879397
2.5,0,2,0,0.005025125628140704,0.8571428571428571,15,5,0,291,0.3789949748743719
3.0,0,8,0,0.021105527638190954,0.7142857142857143,32,5,0,212,0.37839195979899504
4.583333333333333,1,22,0,0.05527638190954774,0.6333333333333333,65,1,0,316,0.28070351758793977
3.466666666666667,0,20,0,0.05226130653266332,0.5555555555555556,51,1,2,279,0.3637185929648242
5.4,0,16,0,0.054271356783919596,0.4838709677419355,34,1,2,268,0.36211055276381915
4.045454545454546,0,33,0,0.08844221105527639,0.4107142857142857,65,1,2,250,0.3651256281407036
4.375,0,12,1,0.035175879396984924,0.6129032258064516,32,1,0,322,0.3883417085427136
4.411764705882353,1,26,0,0.07537688442211055,0.5666666666666667,73,1,2,233,0.25597989949748756
3.4285714285714284,1,8,0,0.024120603015075376,0.6190476190476191,22,1,0,246,0.28050251256281417
4.095238095238095,0,25,0,0.0864321608040201,0.5689655172413793,64,8,1,188,0.37326633165829154
4.166666666666667,1,16,0,0.05025125628140704,0.5675675675675675,48,1,2,310,0.26190954773869357
6.25,1,13,0,0.05025125628140704,0.5185185185185185,32,1,2,307,0.26180904522613074
5.545454545454546,0,16,0,0.061306532663316586,0.30434782608695654,32,3,0,210,0.3784924623115578
4.538461538461538,0,22,0,0.0592964824120603,0.5111111111111111,50,1,0,263,0.38080402010050257
4.769230769230769,1,19,0,0.062311557788944726,0.5957446808510638,61,1,1,211,0.2686432160804021
4.4,0,15,0,0.044221105527638194,0.5833333333333334,39,1,2,245,0.3608040201005026
2.8,0,16,2,0.02814070351758794,0.6190476190476191,47,1,2,265,0.3556783919597991
5.2,0,6,0,0.02613065326633166,0.625,20,1,0,252,0.3844221105527639
4.066666666666666,1,24,0,0.061306532663316586,0.5636363636363636,63,1,0,279,0.28090452261306537
3.9411764705882355,0,25,0,0.06733668341708543,0.5454545454545454,62,8,2,203,0.3612060301507538
4.545454545454546,0,15,0,0.05025125628140704,0.6590909090909091,52,5,2,259,0.36371859296482417
4.285714285714286,0,20,0,0.06030150753768844,0.5555555555555556,53,1,1,237,0.371356783919598
4.0,0,7,0,0.020100502512562814,0.631578947368421,24,4,0,317,0.382211055276382
5.588235294117647,0,27,0,0.09547738693467336,0.5909090909090909,88,4,0,239,0.3773869346733669
4.2727272727272725,1,14,0,0.04723618090452261,0.6111111111111112,40,3,0,261,0.28150753768844233
3.0,0,9,0,0.024120603015075376,0.47058823529411764,21,1,0,256,0.3826130653266332
4.357142857142857,0,23,0,0.06030150753768844,0.5660377358490566,57,1,0,285,0.3829145728643217
4.857142857142857,0,9,0,0.034170854271356785,0.7567567567567568,40,1,1,235,0.3710552763819096
5.947368421052632,0,32,0,0.1135678391959799,0.5151515151515151,75,1,2,228,0.36683417085427134
3.4375,0,21,0,0.05527638190954774,0.6666666666666666,66,1,1,249,0.37035175879397
5.733333333333333,0,25,2,0.0864321608040201,0.5535714285714286,65,1,0,234,0.381105527638191
5.0,0,13,0,0.04020100502512563,0.717391304347826,56,1,1,295,0.3728643216080403
4.538461538461538,0,18,0,0.0592964824120603,0.7352941176470589,75,5,1,274,0.3705527638190955
5.0,0,10,0,0.035175879396984924,0.6774193548387096,32,1,0,258,0.38532663316582916
4.0,0,7,0,0.016080402010050253,0.2222222222222222,10,1,0,219,0.3790954773869347
3.375,0,10,0,0.02613065326633166,0.7142857142857143,37,3,0,254,0.3797989949748744
4.533333333333333,0,19,0,0.06834170854271357,0.6724137931034483,63,1,1,238,0.3717587939698493
4.3125,1,21,0,0.06934673366834171,0.5882352941176471,57,1,2,293,0.2653266331658293
5.083333333333333,0,15,0,0.061306532663316586,0.6153846153846154,47,1,1,265,0.3719597989949749
3.4444444444444446,1,31,0,0.062311557788944726,0.4918032786885246,66,1,0,250,0.2771859296482413
3.5,0,5,0,0.01407035175879397,0.6153846153846154,15,4,0,285,0.38361809045226136
4.230769230769231,0,20,0,0.05527638190954774,0.5833333333333334,58,1,2,260,0.3605025125628141
4.142857142857143,0,9,0,0.02914572864321608,0.625,27,1,1,284,0.3734673366834171
1.0,0,3,0,0.0020100502512562816,0.625,10,1,0,273,0.3819095477386935
3.1666666666666665,0,7,0,0.019095477386934675,0.3,12,1,0,233,0.38100502512562817
4.4375,1,27,0,0.07035175879396985,0.5573770491803278,69,4,1,237,0.2727638190954774
5.32,0,37,0,0.13266331658291458,0.5316455696202531,86,1,1,207,0.37829145728643226
4.2,0,15,0,0.04221105527638191,0.4827586206896552,33,1,0,224,0.3820100502512563
3.3157894736842106,2,24,0,0.06331658291457286,0.5471698113207547,65,1,1,300,0.17477386934673375
6.0,0,3,0,0.006030150753768844,0.5,7,3,0,263,0.3777889447236182
3.5,0,16,0,0.04924623115577889,0.6363636363636364,47,1,2,241,0.35849246231155785
2.0,0,3,0,0.004020100502512563,0.5714285714285714,9,1,0,263,0.3842211055276383
3.8461538461538463,0,21,0,0.05025125628140704,0.6037735849056604,58,1,0,278,0.3831155778894473
5.0,0,15,0,0.06532663316582915,0.6666666666666666,51,1,0,298,0.38502512562814073
5.25,0,11,0,0.04221105527638191,0.6333333333333333,38,1,0,256,0.38472361809045236
2.6666666666666665,0,12,0,0.024120603015075376,0.45454545454545453,23,1,0,267,0.38512562814070356
4.238095238095238,2,35,0,0.08944723618090453,0.4696969696969697,73,1,1,228,0.17005025125628156
4.7272727272727275,0,13,0,0.05226130653266332,0.5357142857142857,31,1,0,312,0.38643216080402015
3.75,0,5,0,0.01507537688442211,0.7058823529411765,23,1,0,259,0.3797989949748744
2.0,0,2,0,0.004020100502512563,0.6,9,1,0,269,0.3814070351758794
4.666666666666667,0,21,0,0.07035175879396985,0.58,63,1,1,238,0.37226130653266337
4.222222222222222,0,10,0,0.03819095477386935,0.6774193548387096,40,5,1,228,0.36964824120603024
5.083333333333333,1,21,2,0.06030150753768844,0.475,49,1,1,257,0.27045226130653277
4.05,0,24,0,0.0814070351758794,0.5932203389830508,65,1,0,271,0.38592964824120607
3.2,0,9,0,0.016080402010050253,0.6086956521739131,27,1,0,248,0.37859296482412064
4.875,1,26,0,0.07839195979899498,0.5272727272727272,70,1,1,268,0.2686432160804021
4.0,1,15,0,0.04824120603015075,0.7222222222222222,60,1,1,261,0.2716582914572865
3.7857142857142856,1,21,0,0.053266331658291456,0.5333333333333333,49,5,0,297,0.27959798994974877
5.173913043478261,2,35,0,0.11758793969849246,0.5070422535211268,92,1,0,224,0.1810050251256283
5.0,2,11,0,0.04020100502512563,0.5217391304347826,29,1,0,264,0.18241206030150767
5.3076923076923075,0,18,0,0.06934673366834171,0.71875,70,1,1,211,0.374070351758794
5.222222222222222,0,14,0,0.04723618090452261,0.7407407407407407,60,3,1,205,0.36964824120603024
6.454545454545454,1,16,0,0.07135678391959799,0.6097560975609756,49,1,1,234,0.27688442211055286
1.0,0,4,0,0.003015075376884422,0.5,10,1,0,261,0.3806030150753769
4.666666666666667,0,10,2,0.02814070351758794,0.23076923076923078,16,1,1,239,0.3689447236180905
4.0,1,25,1,0.06834170854271357,0.5535714285714286,59,1,1,267,0.2744723618090454
5.333333333333333,1,20,0,0.06432160804020101,0.6153846153846154,61,1,3,245,0.24864321608040216
3.6,0,16,2,0.036180904522613064,0.627906976744186,47,1,0,262,0.3816080402010051
3.4166666666666665,0,18,0,0.04120603015075377,0.6666666666666666,57,1,0,293,0.38070351758793974
4.076923076923077,1,19,1,0.053266331658291456,0.5581395348837209,49,1,3,225,0.2503517587939699
3.0,0,11,1,0.027135678391959798,0.35294117647058826,20,1,1,224,0.36783919597989956
5.8,0,6,0,0.02914572864321608,0.5714285714285714,21,1,0,256,0.3802010050251257
5.666666666666667,0,12,0,0.05125628140703518,0.6756756756756757,42,1,1,273,0.37356783919597997
4.7,1,14,0,0.04723618090452261,0.7358490566037735,60,1,0,248,0.2824120603015077
4.181818181818182,0,17,0,0.04522613065326633,0.5641025641025641,41,10,1,282,0.3722613065326634
5.75,0,9,0,0.04623115577889447,0.55,27,1,0,218,0.383819095477387
5.4,1,17,0,0.053266331658291456,0.5405405405405406,40,1,0,294,0.2810050251256282
3.9285714285714284,0,19,0,0.05527638190954774,0.5365853658536586,45,1,1,312,0.37286432160804023
5.285714285714286,0,12,2,0.0371859296482412,0.5862068965517241,34,1,1,326,0.37618090452261316
5.476190476190476,2,29,0,0.11557788944723618,0.5166666666666667,73,1,0,243,0.1810050251256282
3.8333333333333335,0,17,0,0.04623115577889447,0.6458333333333334,50,10,0,228,0.37989949748743723
4.642857142857143,0,17,0,0.06532663316582915,0.5,45,1,2,247,0.3620100502512563
4.181818181818182,0,16,0,0.04623115577889447,0.6666666666666666,60,1,0,297,0.3816080402010051
4.818181818181818,0,16,0,0.053266331658291456,0.6666666666666666,56,1,1,314,0.37216080402010054
4.4,0,20,0,0.06633165829145729,0.6491228070175439,64,1,1,299,0.3747738693467337
5.352941176470588,0,21,0,0.0914572864321608,0.58,58,1,2,273,0.364924623115578
6.1875,0,22,0,0.09949748743718594,0.5849056603773585,71,1,2,226,0.36281407035175883
2.0,0,3,0,0.004020100502512563,0.4,7,1,0,240,0.38281407035175885
3.9047619047619047,0,28,0,0.08241206030150754,0.6,80,1,2,254,0.365427135678392
4.285714285714286,1,22,0,0.06030150753768844,0.6,62,1,1,290,0.2749748743718594
4.470588235294118,3,21,0,0.0763819095477387,0.671875,69,8,3,237,0.05185929648241224
3.727272727272727,2,35,0,0.08241206030150754,0.4927536231884058,82,1,0,262,0.18221105527638204
4.909090909090909,0,15,0,0.054271356783919596,0.5945945945945946,42,1,1,293,0.37447236180904525
5.0588235294117645,0,22,0,0.0864321608040201,0.5925925925925926,63,1,1,290,0.3753768844221106
5.444444444444445,0,27,0,0.09748743718592964,0.5263157894736842,74,5,3,293,0.3498492462311558
4.416666666666667,0,19,0,0.053266331658291456,0.5365853658536586,47,1,0,278,0.38542713567839204
5.071428571428571,1,20,0,0.07135678391959799,0.6226415094339622,61,1,0,226,0.2797989949748745
5.0,0,20,0,0.07035175879396985,0.6,57,5,1,275,0.37226130653266337
2.8,0,9,2,0.01407035175879397,0.35714285714285715,15,1,1,244,0.3715577889447237
2.533333333333333,0,19,0,0.03819095477386935,0.5957446808510638,53,1,2,304,0.36502512562814077
4.666666666666667,0,4,0,0.01407035175879397,0.42857142857142855,8,1,0,244,0.3803015075376885
1.0,0,2,0,0.0020100502512562816,0.8,8,10,0,295,0.3826130653266332
4.0,0,18,0,0.05226130653266332,0.6949152542372882,65,1,0,281,0.3824120603015076
4.642857142857143,1,23,0,0.06532663316582915,0.4772727272727273,48,5,0,310,0.2829145728643217
4.923076923076923,1,20,1,0.06432160804020101,0.5,46,1,2,291,0.25778894472361813
6.818181818181818,1,19,2,0.07537688442211055,0.6274509803921569,68,1,1,271,0.27376884422110564
5.428571428571429,0,10,0,0.03819095477386935,0.6153846153846154,23,10,1,235,0.3734673366834171
6.0,1,7,0,0.024120603015075376,0.3,12,1,0,296,0.2824120603015077
5.071428571428571,0,23,0,0.07135678391959799,0.5306122448979592,55,1,1,281,0.371356783919598
4.454545454545454,2,12,0,0.04924623115577889,0.4782608695652174,29,1,2,238,0.15778894472361824
2.0,1,4,1,0.004020100502512563,0.3333333333333333,7,1,0,225,0.2759798994974876
4.3,1,17,0,0.04321608040201005,0.5641025641025641,36,9,0,204,0.281105527638191
3.727272727272727,0,32,0,0.08241206030150754,0.47540983606557374,66,3,0,214,0.3824120603015076
3.857142857142857,0,19,0,0.054271356783919596,0.6041666666666666,51,1,0,263,0.3839195979899498
5.5,1,28,0,0.09949748743718594,0.582089552238806,72,5,0,205,0.28381909547738704
5.111111111111111,0,12,0,0.04623115577889447,0.3333333333333333,21,1,2,275,0.36542713567839197
4.533333333333333,0,21,1,0.06834170854271357,0.36363636363636365,35,1,1,264,0.37698492462311567
4.1,0,16,0,0.04120603015075377,0.6444444444444445,48,1,0,266,0.3846231155778895
4.75,0,9,0,0.03819095477386935,0.5263157894736842,27,1,0,228,0.37989949748743723
4.636363636363637,0,15,0,0.05125628140703518,0.625,49,8,1,269,0.3739698492462312
5.4375,0,29,0,0.08743718592964825,0.4423076923076923,59,1,0,227,0.3824120603015076
4.428571428571429,1,20,0,0.062311557788944726,0.5918367346938775,57,3,0,291,0.27919597989949757
5.0,0,8,0,0.035175879396984924,0.7647058823529411,37,1,0,277,0.38753768844221115
6.0,0,3,0,0.012060301507537688,0.7692307692307693,19,3,1,210,0.3704522613065327
3.5714285714285716,1,18,0,0.05025125628140704,0.5909090909090909,42,13,0,242,0.2783919597989951
3.6666666666666665,0,17,2,0.031155778894472363,0.43333333333333335,32,1,0,239,0.3818090452261307
5.833333333333333,1,8,0,0.035175879396984924,0.42857142857142855,18,1,0,275,0.2803015075376885
5.666666666666667,0,26,0,0.10251256281407035,0.59375,74,1,1,245,0.37577889447236185
4.833333333333333,0,26,0,0.08743718592964825,0.5806451612903226,76,7,4,259,0.3415075376884423
5.5,2,18,0,0.05527638190954774,0.6086956521739131,52,9,0,262,0.18271356783919612
5.866666666666666,1,20,0,0.08844221105527639,0.5238095238095238,54,1,1,232,0.26994974874371874
4.857142857142857,0,9,0,0.033165829145728645,0.5,22,1,1,286,0.37597989949748745
3.2222222222222223,0,11,0,0.02914572864321608,0.5217391304347826,26,3,2,286,0.36000000000000004
5.333333333333333,1,6,2,0.016080402010050253,0.6,16,1,1,244,0.27075376884422114
3.272727272727273,0,15,0,0.036180904522613064,0.4,23,9,1,215,0.36793969849246233
5.3125,0,24,0,0.08542713567839195,0.5789473684210527,62,1,2,244,0.3660301507537689
4.0,0,3,0,0.012060301507537688,0.25,7,1,0,254,0.3779899497487437
3.1666666666666665,0,17,0,0.03819095477386935,0.6792452830188679,55,4,0,262,0.3832160804020101
6.5,1,3,0,0.01306532663316583,0.5714285714285714,10,1,0,293,0.28331658291457296
3.4615384615384617,0,21,2,0.04522613065326633,0.5116279069767442,49,1,1,296,0.37427135678391965
5.666666666666667,0,11,0,0.034170854271356785,0.3125,17,1,0,236,0.38020100502512566
5.166666666666667,0,28,0,0.09346733668341708,0.5333333333333333,65,1,0,312,0.38743718592964826
3.5,2,14,1,0.035175879396984924,0.6111111111111112,37,1,0,210,0.18140703517587956
4.0,1,13,0,0.04020100502512563,0.6060606060606061,34,1,0,242,0.2772864321608041
4.846153846153846,0,19,0,0.06331658291457286,0.5581395348837209,50,4,0,268,0.38010050251256283
3.9285714285714284,1,25,2,0.05527638190954774,0.5192307692307693,62,1,2,272,0.26110552763819106
4.363636363636363,1,16,0,0.04824120603015075,0.5294117647058824,39,1,1,284,0.2738693467336684
4.521739130434782,0,29,0,0.10452261306532663,0.5857142857142857,73,1,1,261,0.3772864321608041
4.222222222222222,0,16,0,0.03819095477386935,0.6923076923076923,56,1,1,249,0.37125628140703526
5.0,1,6,0,0.02512562814070352,0.625,18,1,0,305,0.2835175879396986
4.75,0,22,1,0.0763819095477387,0.6,63,1,3,203,0.3500502512562815
3.8461538461538463,0,18,0,0.05025125628140704,0.6,55,1,0,223,0.38070351758793974
4.230769230769231,2,18,0,0.05527638190954774,0.5813953488372093,52,1,2,208,0.1614070351758795
4.454545454545454,0,31,0,0.09748743718592964,0.5974025974025974,94,1,1,242,0.37648241206030153
4.555555555555555,1,20,0,0.08241206030150754,0.6,60,5,1,278,0.27467336683417093
4.9,1,26,0,0.09849246231155778,0.5,71,1,3,231,0.2498492462311559
4.333333333333333,1,5,0,0.01306532663316583,0.6428571428571429,16,1,0,262,0.2818090452261307
5.5,0,9,0,0.033165829145728645,0.6086956521739131,25,1,0,223,0.3817085427135679
3.6666666666666665,0,5,0,0.011055276381909548,0.5833333333333334,13,1,0,231,0.382713567839196
4.105263157894737,0,31,0,0.07839195979899498,0.5441176470588235,76,1,3,264,0.35065326633165833
4.266666666666667,0,21,0,0.06331658291457286,0.6818181818181818,74,1,1,221,0.3720603015075377
2.75,0,12,0,0.022110552763819097,0.5555555555555556,30,1,0,278,0.382211055276382
3.1875,0,23,0,0.05025125628140704,0.5892857142857143,68,1,2,306,0.35939698492462313
4.529411764705882,0,24,2,0.07738693467336684,0.4782608695652174,53,1,1,238,0.3752763819095478
3.5555555555555554,0,11,1,0.032160804020100506,0.6944444444444444,38,1,0,289,0.38281407035175885
